{"type":"FeatureCollection","features":[{"type":"Feature","geometry":{"type":"Polygon","coordinates":[[[87.666,27.808],[87.734,27.812],[87.78,27.865],[87.786,27.898],[87.827,27.921],[87.835,27.95],[87.858,27.947],[87.865,27.912],[87.932,27.917],[87.979,27.888],[88.033,27.905],[88.064,27.887],[88.087,27.892],[88.1,27.866],[88.141,27.881],[88.205,27.839],[88.177,27.82],[88.197,27.788],[88.181,27.746],[88.159,27.735],[88.147,27.667],[88.124,27.643],[88.112,27.605],[88.08,27.58],[88.061,27.512],[88.046,27.498],[88.073,27.435],[88.042,27.413],[88.004,27.325],[87.958,27.286],[87.871,27.278],[87.844,27.286],[87.781,27.273],[87.698,27.291],[87.681,27.269],[87.661,27.268],[87.555,27.285],[87.502,27.31],[87.46,27.371],[87.448,27.405],[87.487,27.566],[87.512,27.596],[87.531,27.594],[87.562,27.696],[87.609,27.673],[87.622,27.706],[87.643,27.711],[87.655,27.759],[87.67,27.77],[87.666,27.808]]]},"properties":{"type":"cover","year":2015,"areaHa":148200,"district":"Taplejung"}},{"type":"Feature","geometry":{"type":"Polygon","coordinates":[[[87.666,27.808],[87.67,27.77],[87.655,27.759],[87.643,27.711],[87.622,27.706],[87.609,27.673],[87.562,27.696],[87.531,27.594],[87.512,27.596],[87.487,27.566],[87.448,27.399],[87.519,27.297],[87.48,27.251],[87.467,27.198],[87.41,27.163],[87.407,27.138],[87.361,27.192],[87.264,27.179],[87.212,27.238],[87.2,27.263],[87.211,27.268],[87.203,27.302],[87.186,27.318],[87.194,27.354],[87.13,27.402],[87.137,27.453],[87.106,27.464],[87.063,27.441],[87.045,27.449],[87.013,27.436],[86.946,27.46],[86.965,27.482],[86.947,27.517],[86.971,27.549],[86.955,27.574],[86.956,27.607],[86.988,27.652],[86.992,27.691],[87.014,27.728],[86.983,27.753],[86.992,27.794],[87.012,27.813],[86.985,27.828],[86.994,27.864],[86.972,27.905],[86.99,27.954],[87.04,27.949],[87.108,27.874],[87.113,27.845],[87.167,27.825],[87.227,27.821],[87.262,27.852],[87.319,27.827],[87.361,27.829],[87.373,27.846],[87.422,27.86],[87.431,27.845],[87.406,27.834],[87.453,27.824],[87.487,27.846],[87.541,27.846],[87.565,27.868],[87.586,27.856],[87.592,27.821],[87.613,27.813],[87.637,27.835],[87.667,27.838],[87.666,27.808]]]},"properties":{"type":"cover","year":2015,"areaHa":162400,"district":"Sankhuwasabha"}},{"type":"Feature","geometry":{"type":"Polygon","coordinates":[[[86.518,27.957],[86.516,28.001],[86.535,28.05],[86.565,28.068],[86.564,28.106],[86.58,28.113],[86.607,28.101],[86.609,28.078],[86.635,28.073],[86.688,28.109],[86.738,28.105],[86.765,28.078],[86.754,28.066],[86.756,28.039],[86.777,28.038],[86.791,28.021],[86.869,28.027],[86.892,28],[86.927,27.99],[86.937,27.964],[86.989,27.953],[86.972,27.905],[86.994,27.864],[86.985,27.828],[87.012,27.813],[86.992,27.794],[86.983,27.753],[87.014,27.728],[86.992,27.691],[86.988,27.652],[86.956,27.607],[86.955,27.574],[86.971,27.549],[86.946,27.512],[86.965,27.482],[86.933,27.444],[86.877,27.431],[86.822,27.44],[86.753,27.398],[86.684,27.395],[86.683,27.37],[86.657,27.343],[86.582,27.345],[86.535,27.399],[86.46,27.453],[86.441,27.491],[86.425,27.487],[86.403,27.518],[86.359,27.527],[86.378,27.568],[86.438,27.608],[86.46,27.671],[86.495,27.694],[86.539,27.694],[86.575,27.758],[86.57,27.805],[86.544,27.814],[86.562,27.916],[86.518,27.957]]]},"properties":{"type":"cover","year":2015,"areaHa":136800,"district":"Solukhumbu"}},{"type":"Feature","geometry":{"type":"Polygon","coordinates":[[[86.359,27.527],[86.403,27.518],[86.425,27.487],[86.441,27.491],[86.46,27.453],[86.535,27.399],[86.576,27.346],[86.65,27.341],[86.682,27.369],[86.687,27.314],[86.671,27.298],[86.674,27.274],[86.638,27.259],[86.623,27.239],[86.561,27.227],[86.52,27.192],[86.43,27.148],[86.42,27.168],[86.345,27.206],[86.341,27.231],[86.267,27.261],[86.227,27.238],[86.205,27.252],[86.243,27.291],[86.219,27.336],[86.24,27.416],[86.268,27.457],[86.359,27.527]]]},"properties":{"type":"cover","year":2015,"areaHa":79200,"district":"Okhaldhunga"}},{"type":"Feature","geometry":{"type":"Polygon","coordinates":[[[86.911,27.433],[86.917,27.399],[86.934,27.387],[86.935,27.357],[86.988,27.308],[86.953,27.266],[86.92,27.268],[86.903,27.255],[86.931,27.202],[86.919,27.177],[86.928,27.157],[86.902,27.11],[86.966,27.064],[86.971,27.046],[86.953,27.025],[86.971,27.008],[86.961,26.981],[86.975,26.965],[86.953,26.904],[86.812,26.873],[86.779,26.887],[86.746,27.025],[86.699,27.098],[86.67,27.122],[86.589,27.154],[86.542,27.138],[86.514,27.113],[86.47,27.105],[86.429,27.139],[86.445,27.161],[86.52,27.192],[86.561,27.227],[86.623,27.239],[86.638,27.259],[86.674,27.274],[86.671,27.298],[86.687,27.314],[86.684,27.395],[86.753,27.398],[86.826,27.441],[86.911,27.433]]]},"properties":{"type":"cover","year":2015,"areaHa":104200,"district":"Khotang"}},{"type":"Feature","geometry":{"type":"Polygon","coordinates":[[[86.946,27.46],[87.013,27.436],[87.045,27.449],[87.063,27.441],[87.106,27.464],[87.137,27.453],[87.13,27.402],[87.193,27.356],[87.186,27.318],[87.209,27.282],[87.207,27.246],[87.275,27.172],[87.274,27.143],[87.184,27.068],[87.2,26.999],[87.164,26.962],[87.154,26.919],[87.132,26.923],[87.01,26.888],[86.953,26.904],[86.975,26.965],[86.961,26.981],[86.971,27.008],[86.953,27.03],[86.971,27.048],[86.954,27.081],[86.902,27.11],[86.928,27.157],[86.919,27.177],[86.931,27.202],[86.903,27.255],[86.92,27.268],[86.953,27.266],[86.988,27.306],[86.954,27.336],[86.951,27.353],[86.935,27.357],[86.934,27.387],[86.914,27.409],[86.91,27.432],[86.946,27.46]]]},"properties":{"type":"cover","year":2015,"areaHa":93600,"district":"Bhojpur"}},{"type":"Feature","geometry":{"type":"Polygon","coordinates":[[[87.407,27.138],[87.4,27.082],[87.445,27.003],[87.44,26.969],[87.496,26.981],[87.528,26.954],[87.531,26.891],[87.562,26.887],[87.591,26.86],[87.504,26.855],[87.488,26.868],[87.454,26.865],[87.435,26.886],[87.373,26.845],[87.326,26.854],[87.311,26.871],[87.26,26.866],[87.24,26.88],[87.212,26.865],[87.168,26.877],[87.15,26.933],[87.2,26.999],[87.182,27.063],[87.274,27.143],[87.269,27.178],[87.288,27.19],[87.317,27.182],[87.361,27.192],[87.407,27.138]]]},"properties":{"type":"cover","year":2015,"areaHa":88400,"district":"Dhankuta"}},{"type":"Feature","geometry":{"type":"Polygon","coordinates":[[[87.519,27.297],[87.68,27.27],[87.747,27.22],[87.751,27.205],[87.72,27.187],[87.702,27.147],[87.596,27.102],[87.543,27.049],[87.543,27.019],[87.507,26.984],[87.44,26.969],[87.445,27.003],[87.4,27.082],[87.405,27.154],[87.467,27.198],[87.48,27.251],[87.519,27.297]]]},"properties":{"type":"cover","year":2015,"areaHa":74200,"district":"Terhathum"}},{"type":"Feature","geometry":{"type":"Polygon","coordinates":[[[88.073,27.435],[88.051,27.405],[88.046,27.373],[88.067,27.334],[88.036,27.284],[88.016,27.216],[88.02,27.17],[87.993,27.128],[87.995,27.106],[87.921,27.099],[87.783,27.016],[87.739,27.015],[87.689,26.97],[87.684,26.947],[87.698,26.908],[87.688,26.882],[87.665,26.869],[87.589,26.86],[87.562,26.887],[87.532,26.89],[87.528,26.954],[87.495,26.981],[87.543,27.019],[87.54,27.045],[87.596,27.102],[87.702,27.147],[87.72,27.187],[87.751,27.205],[87.683,27.278],[87.698,27.291],[87.781,27.273],[87.844,27.286],[87.948,27.281],[88.004,27.325],[88.042,27.413],[88.073,27.435]]]},"properties":{"type":"cover","year":2015,"areaHa":102400,"district":"Panchthar"}},{"type":"Feature","geometry":{"type":"Polygon","coordinates":[[[87.995,27.106],[88.023,27.088],[88.039,27.038],[88.08,27.035],[88.116,26.987],[88.135,26.984],[88.122,26.951],[88.146,26.923],[88.14,26.896],[88.178,26.864],[88.171,26.846],[88.185,26.783],[88.168,26.784],[88.155,26.805],[88.151,26.776],[88.141,26.766],[88.134,26.774],[88.117,26.733],[88.093,26.764],[88.099,26.802],[88.082,26.786],[88.066,26.789],[88.051,26.75],[88.028,26.766],[88.021,26.748],[87.99,26.738],[87.984,26.719],[87.946,26.72],[87.926,26.696],[87.928,26.664],[87.882,26.682],[87.844,26.658],[87.817,26.67],[87.811,26.689],[87.783,26.684],[87.762,26.706],[87.69,26.734],[87.68,26.783],[87.658,26.798],[87.662,26.814],[87.598,26.862],[87.641,26.862],[87.688,26.882],[87.698,26.908],[87.684,26.947],[87.689,26.97],[87.742,27.017],[87.783,27.016],[87.921,27.099],[87.995,27.106]]]},"properties":{"type":"cover","year":2015,"areaHa":119800,"district":"Ilam"}},{"type":"Feature","geometry":{"type":"Polygon","coordinates":[[[87.666,27.808],[87.734,27.812],[87.78,27.865],[87.786,27.898],[87.827,27.921],[87.835,27.95],[87.858,27.947],[87.865,27.912],[87.932,27.917],[87.979,27.888],[88.033,27.905],[88.064,27.887],[88.087,27.892],[88.1,27.866],[88.141,27.881],[88.205,27.839],[88.177,27.82],[88.197,27.788],[88.181,27.746],[88.159,27.735],[88.147,27.667],[88.124,27.643],[88.112,27.605],[88.08,27.58],[88.061,27.512],[88.046,27.498],[88.073,27.435],[88.042,27.413],[88.004,27.325],[87.958,27.286],[87.871,27.278],[87.844,27.286],[87.781,27.273],[87.698,27.291],[87.681,27.269],[87.661,27.268],[87.555,27.285],[87.502,27.31],[87.46,27.371],[87.448,27.405],[87.487,27.566],[87.512,27.596],[87.531,27.594],[87.562,27.696],[87.609,27.673],[87.622,27.706],[87.643,27.711],[87.655,27.759],[87.67,27.77],[87.666,27.808]]]},"properties":{"type":"loss","year":2015,"areaHa":320,"district":"Taplejung"}},{"type":"Feature","geometry":{"type":"Polygon","coordinates":[[[87.666,27.808],[87.67,27.77],[87.655,27.759],[87.643,27.711],[87.622,27.706],[87.609,27.673],[87.562,27.696],[87.531,27.594],[87.512,27.596],[87.487,27.566],[87.448,27.399],[87.519,27.297],[87.48,27.251],[87.467,27.198],[87.41,27.163],[87.407,27.138],[87.361,27.192],[87.264,27.179],[87.212,27.238],[87.2,27.263],[87.211,27.268],[87.203,27.302],[87.186,27.318],[87.194,27.354],[87.13,27.402],[87.137,27.453],[87.106,27.464],[87.063,27.441],[87.045,27.449],[87.013,27.436],[86.946,27.46],[86.965,27.482],[86.947,27.517],[86.971,27.549],[86.955,27.574],[86.956,27.607],[86.988,27.652],[86.992,27.691],[87.014,27.728],[86.983,27.753],[86.992,27.794],[87.012,27.813],[86.985,27.828],[86.994,27.864],[86.972,27.905],[86.99,27.954],[87.04,27.949],[87.108,27.874],[87.113,27.845],[87.167,27.825],[87.227,27.821],[87.262,27.852],[87.319,27.827],[87.361,27.829],[87.373,27.846],[87.422,27.86],[87.431,27.845],[87.406,27.834],[87.453,27.824],[87.487,27.846],[87.541,27.846],[87.565,27.868],[87.586,27.856],[87.592,27.821],[87.613,27.813],[87.637,27.835],[87.667,27.838],[87.666,27.808]]]},"properties":{"type":"loss","year":2015,"areaHa":260,"district":"Sankhuwasabha"}},{"type":"Feature","geometry":{"type":"Polygon","coordinates":[[[86.518,27.957],[86.516,28.001],[86.535,28.05],[86.565,28.068],[86.564,28.106],[86.58,28.113],[86.607,28.101],[86.609,28.078],[86.635,28.073],[86.688,28.109],[86.738,28.105],[86.765,28.078],[86.754,28.066],[86.756,28.039],[86.777,28.038],[86.791,28.021],[86.869,28.027],[86.892,28],[86.927,27.99],[86.937,27.964],[86.989,27.953],[86.972,27.905],[86.994,27.864],[86.985,27.828],[87.012,27.813],[86.992,27.794],[86.983,27.753],[87.014,27.728],[86.992,27.691],[86.988,27.652],[86.956,27.607],[86.955,27.574],[86.971,27.549],[86.946,27.512],[86.965,27.482],[86.933,27.444],[86.877,27.431],[86.822,27.44],[86.753,27.398],[86.684,27.395],[86.683,27.37],[86.657,27.343],[86.582,27.345],[86.535,27.399],[86.46,27.453],[86.441,27.491],[86.425,27.487],[86.403,27.518],[86.359,27.527],[86.378,27.568],[86.438,27.608],[86.46,27.671],[86.495,27.694],[86.539,27.694],[86.575,27.758],[86.57,27.805],[86.544,27.814],[86.562,27.916],[86.518,27.957]]]},"properties":{"type":"loss","year":2015,"areaHa":200,"district":"Solukhumbu"}},{"type":"Feature","geometry":{"type":"Polygon","coordinates":[[[86.359,27.527],[86.403,27.518],[86.425,27.487],[86.441,27.491],[86.46,27.453],[86.535,27.399],[86.576,27.346],[86.65,27.341],[86.682,27.369],[86.687,27.314],[86.671,27.298],[86.674,27.274],[86.638,27.259],[86.623,27.239],[86.561,27.227],[86.52,27.192],[86.43,27.148],[86.42,27.168],[86.345,27.206],[86.341,27.231],[86.267,27.261],[86.227,27.238],[86.205,27.252],[86.243,27.291],[86.219,27.336],[86.24,27.416],[86.268,27.457],[86.359,27.527]]]},"properties":{"type":"loss","year":2015,"areaHa":220,"district":"Okhaldhunga"}},{"type":"Feature","geometry":{"type":"Polygon","coordinates":[[[86.911,27.433],[86.917,27.399],[86.934,27.387],[86.935,27.357],[86.988,27.308],[86.953,27.266],[86.92,27.268],[86.903,27.255],[86.931,27.202],[86.919,27.177],[86.928,27.157],[86.902,27.11],[86.966,27.064],[86.971,27.046],[86.953,27.025],[86.971,27.008],[86.961,26.981],[86.975,26.965],[86.953,26.904],[86.812,26.873],[86.779,26.887],[86.746,27.025],[86.699,27.098],[86.67,27.122],[86.589,27.154],[86.542,27.138],[86.514,27.113],[86.47,27.105],[86.429,27.139],[86.445,27.161],[86.52,27.192],[86.561,27.227],[86.623,27.239],[86.638,27.259],[86.674,27.274],[86.671,27.298],[86.687,27.314],[86.684,27.395],[86.753,27.398],[86.826,27.441],[86.911,27.433]]]},"properties":{"type":"loss","year":2015,"areaHa":270,"district":"Khotang"}},{"type":"Feature","geometry":{"type":"Polygon","coordinates":[[[86.946,27.46],[87.013,27.436],[87.045,27.449],[87.063,27.441],[87.106,27.464],[87.137,27.453],[87.13,27.402],[87.193,27.356],[87.186,27.318],[87.209,27.282],[87.207,27.246],[87.275,27.172],[87.274,27.143],[87.184,27.068],[87.2,26.999],[87.164,26.962],[87.154,26.919],[87.132,26.923],[87.01,26.888],[86.953,26.904],[86.975,26.965],[86.961,26.981],[86.971,27.008],[86.953,27.03],[86.971,27.048],[86.954,27.081],[86.902,27.11],[86.928,27.157],[86.919,27.177],[86.931,27.202],[86.903,27.255],[86.92,27.268],[86.953,27.266],[86.988,27.306],[86.954,27.336],[86.951,27.353],[86.935,27.357],[86.934,27.387],[86.914,27.409],[86.91,27.432],[86.946,27.46]]]},"properties":{"type":"loss","year":2015,"areaHa":230,"district":"Bhojpur"}},{"type":"Feature","geometry":{"type":"Polygon","coordinates":[[[87.407,27.138],[87.4,27.082],[87.445,27.003],[87.44,26.969],[87.496,26.981],[87.528,26.954],[87.531,26.891],[87.562,26.887],[87.591,26.86],[87.504,26.855],[87.488,26.868],[87.454,26.865],[87.435,26.886],[87.373,26.845],[87.326,26.854],[87.311,26.871],[87.26,26.866],[87.24,26.88],[87.212,26.865],[87.168,26.877],[87.15,26.933],[87.2,26.999],[87.182,27.063],[87.274,27.143],[87.269,27.178],[87.288,27.19],[87.317,27.182],[87.361,27.192],[87.407,27.138]]]},"properties":{"type":"loss","year":2015,"areaHa":210,"district":"Dhankuta"}},{"type":"Feature","geometry":{"type":"Polygon","coordinates":[[[87.519,27.297],[87.68,27.27],[87.747,27.22],[87.751,27.205],[87.72,27.187],[87.702,27.147],[87.596,27.102],[87.543,27.049],[87.543,27.019],[87.507,26.984],[87.44,26.969],[87.445,27.003],[87.4,27.082],[87.405,27.154],[87.467,27.198],[87.48,27.251],[87.519,27.297]]]},"properties":{"type":"loss","year":2015,"areaHa":180,"district":"Terhathum"}},{"type":"Feature","geometry":{"type":"Polygon","coordinates":[[[88.073,27.435],[88.051,27.405],[88.046,27.373],[88.067,27.334],[88.036,27.284],[88.016,27.216],[88.02,27.17],[87.993,27.128],[87.995,27.106],[87.921,27.099],[87.783,27.016],[87.739,27.015],[87.689,26.97],[87.684,26.947],[87.698,26.908],[87.688,26.882],[87.665,26.869],[87.589,26.86],[87.562,26.887],[87.532,26.89],[87.528,26.954],[87.495,26.981],[87.543,27.019],[87.54,27.045],[87.596,27.102],[87.702,27.147],[87.72,27.187],[87.751,27.205],[87.683,27.278],[87.698,27.291],[87.781,27.273],[87.844,27.286],[87.948,27.281],[88.004,27.325],[88.042,27.413],[88.073,27.435]]]},"properties":{"type":"loss","year":2015,"areaHa":290,"district":"Panchthar"}},{"type":"Feature","geometry":{"type":"Polygon","coordinates":[[[87.995,27.106],[88.023,27.088],[88.039,27.038],[88.08,27.035],[88.116,26.987],[88.135,26.984],[88.122,26.951],[88.146,26.923],[88.14,26.896],[88.178,26.864],[88.171,26.846],[88.185,26.783],[88.168,26.784],[88.155,26.805],[88.151,26.776],[88.141,26.766],[88.134,26.774],[88.117,26.733],[88.093,26.764],[88.099,26.802],[88.082,26.786],[88.066,26.789],[88.051,26.75],[88.028,26.766],[88.021,26.748],[87.99,26.738],[87.984,26.719],[87.946,26.72],[87.926,26.696],[87.928,26.664],[87.882,26.682],[87.844,26.658],[87.817,26.67],[87.811,26.689],[87.783,26.684],[87.762,26.706],[87.69,26.734],[87.68,26.783],[87.658,26.798],[87.662,26.814],[87.598,26.862],[87.641,26.862],[87.688,26.882],[87.698,26.908],[87.684,26.947],[87.689,26.97],[87.742,27.017],[87.783,27.016],[87.921,27.099],[87.995,27.106]]]},"properties":{"type":"loss","year":2015,"areaHa":340,"district":"Ilam"}},{"type":"Feature","geometry":{"type":"Polygon","coordinates":[[[87.666,27.808],[87.734,27.812],[87.78,27.865],[87.786,27.898],[87.827,27.921],[87.835,27.95],[87.858,27.947],[87.865,27.912],[87.932,27.917],[87.979,27.888],[88.033,27.905],[88.064,27.887],[88.087,27.892],[88.1,27.866],[88.141,27.881],[88.205,27.839],[88.177,27.82],[88.197,27.788],[88.181,27.746],[88.159,27.735],[88.147,27.667],[88.124,27.643],[88.112,27.605],[88.08,27.58],[88.061,27.512],[88.046,27.498],[88.073,27.435],[88.042,27.413],[88.004,27.325],[87.958,27.286],[87.871,27.278],[87.844,27.286],[87.781,27.273],[87.698,27.291],[87.681,27.269],[87.661,27.268],[87.555,27.285],[87.502,27.31],[87.46,27.371],[87.448,27.405],[87.487,27.566],[87.512,27.596],[87.531,27.594],[87.562,27.696],[87.609,27.673],[87.622,27.706],[87.643,27.711],[87.655,27.759],[87.67,27.77],[87.666,27.808]]]},"properties":{"type":"gain","year":2015,"areaHa":95,"district":"Taplejung"}},{"type":"Feature","geometry":{"type":"Polygon","coordinates":[[[87.666,27.808],[87.67,27.77],[87.655,27.759],[87.643,27.711],[87.622,27.706],[87.609,27.673],[87.562,27.696],[87.531,27.594],[87.512,27.596],[87.487,27.566],[87.448,27.399],[87.519,27.297],[87.48,27.251],[87.467,27.198],[87.41,27.163],[87.407,27.138],[87.361,27.192],[87.264,27.179],[87.212,27.238],[87.2,27.263],[87.211,27.268],[87.203,27.302],[87.186,27.318],[87.194,27.354],[87.13,27.402],[87.137,27.453],[87.106,27.464],[87.063,27.441],[87.045,27.449],[87.013,27.436],[86.946,27.46],[86.965,27.482],[86.947,27.517],[86.971,27.549],[86.955,27.574],[86.956,27.607],[86.988,27.652],[86.992,27.691],[87.014,27.728],[86.983,27.753],[86.992,27.794],[87.012,27.813],[86.985,27.828],[86.994,27.864],[86.972,27.905],[86.99,27.954],[87.04,27.949],[87.108,27.874],[87.113,27.845],[87.167,27.825],[87.227,27.821],[87.262,27.852],[87.319,27.827],[87.361,27.829],[87.373,27.846],[87.422,27.86],[87.431,27.845],[87.406,27.834],[87.453,27.824],[87.487,27.846],[87.541,27.846],[87.565,27.868],[87.586,27.856],[87.592,27.821],[87.613,27.813],[87.637,27.835],[87.667,27.838],[87.666,27.808]]]},"properties":{"type":"gain","year":2015,"areaHa":110,"district":"Sankhuwasabha"}},{"type":"Feature","geometry":{"type":"Polygon","coordinates":[[[86.518,27.957],[86.516,28.001],[86.535,28.05],[86.565,28.068],[86.564,28.106],[86.58,28.113],[86.607,28.101],[86.609,28.078],[86.635,28.073],[86.688,28.109],[86.738,28.105],[86.765,28.078],[86.754,28.066],[86.756,28.039],[86.777,28.038],[86.791,28.021],[86.869,28.027],[86.892,28],[86.927,27.99],[86.937,27.964],[86.989,27.953],[86.972,27.905],[86.994,27.864],[86.985,27.828],[87.012,27.813],[86.992,27.794],[86.983,27.753],[87.014,27.728],[86.992,27.691],[86.988,27.652],[86.956,27.607],[86.955,27.574],[86.971,27.549],[86.946,27.512],[86.965,27.482],[86.933,27.444],[86.877,27.431],[86.822,27.44],[86.753,27.398],[86.684,27.395],[86.683,27.37],[86.657,27.343],[86.582,27.345],[86.535,27.399],[86.46,27.453],[86.441,27.491],[86.425,27.487],[86.403,27.518],[86.359,27.527],[86.378,27.568],[86.438,27.608],[86.46,27.671],[86.495,27.694],[86.539,27.694],[86.575,27.758],[86.57,27.805],[86.544,27.814],[86.562,27.916],[86.518,27.957]]]},"properties":{"type":"gain","year":2015,"areaHa":90,"district":"Solukhumbu"}},{"type":"Feature","geometry":{"type":"Polygon","coordinates":[[[86.359,27.527],[86.403,27.518],[86.425,27.487],[86.441,27.491],[86.46,27.453],[86.535,27.399],[86.576,27.346],[86.65,27.341],[86.682,27.369],[86.687,27.314],[86.671,27.298],[86.674,27.274],[86.638,27.259],[86.623,27.239],[86.561,27.227],[86.52,27.192],[86.43,27.148],[86.42,27.168],[86.345,27.206],[86.341,27.231],[86.267,27.261],[86.227,27.238],[86.205,27.252],[86.243,27.291],[86.219,27.336],[86.24,27.416],[86.268,27.457],[86.359,27.527]]]},"properties":{"type":"gain","year":2015,"areaHa":65,"district":"Okhaldhunga"}},{"type":"Feature","geometry":{"type":"Polygon","coordinates":[[[86.911,27.433],[86.917,27.399],[86.934,27.387],[86.935,27.357],[86.988,27.308],[86.953,27.266],[86.92,27.268],[86.903,27.255],[86.931,27.202],[86.919,27.177],[86.928,27.157],[86.902,27.11],[86.966,27.064],[86.971,27.046],[86.953,27.025],[86.971,27.008],[86.961,26.981],[86.975,26.965],[86.953,26.904],[86.812,26.873],[86.779,26.887],[86.746,27.025],[86.699,27.098],[86.67,27.122],[86.589,27.154],[86.542,27.138],[86.514,27.113],[86.47,27.105],[86.429,27.139],[86.445,27.161],[86.52,27.192],[86.561,27.227],[86.623,27.239],[86.638,27.259],[86.674,27.274],[86.671,27.298],[86.687,27.314],[86.684,27.395],[86.753,27.398],[86.826,27.441],[86.911,27.433]]]},"properties":{"type":"gain","year":2015,"areaHa":85,"district":"Khotang"}},{"type":"Feature","geometry":{"type":"Polygon","coordinates":[[[86.946,27.46],[87.013,27.436],[87.045,27.449],[87.063,27.441],[87.106,27.464],[87.137,27.453],[87.13,27.402],[87.193,27.356],[87.186,27.318],[87.209,27.282],[87.207,27.246],[87.275,27.172],[87.274,27.143],[87.184,27.068],[87.2,26.999],[87.164,26.962],[87.154,26.919],[87.132,26.923],[87.01,26.888],[86.953,26.904],[86.975,26.965],[86.961,26.981],[86.971,27.008],[86.953,27.03],[86.971,27.048],[86.954,27.081],[86.902,27.11],[86.928,27.157],[86.919,27.177],[86.931,27.202],[86.903,27.255],[86.92,27.268],[86.953,27.266],[86.988,27.306],[86.954,27.336],[86.951,27.353],[86.935,27.357],[86.934,27.387],[86.914,27.409],[86.91,27.432],[86.946,27.46]]]},"properties":{"type":"gain","year":2015,"areaHa":75,"district":"Bhojpur"}},{"type":"Feature","geometry":{"type":"Polygon","coordinates":[[[87.407,27.138],[87.4,27.082],[87.445,27.003],[87.44,26.969],[87.496,26.981],[87.528,26.954],[87.531,26.891],[87.562,26.887],[87.591,26.86],[87.504,26.855],[87.488,26.868],[87.454,26.865],[87.435,26.886],[87.373,26.845],[87.326,26.854],[87.311,26.871],[87.26,26.866],[87.24,26.88],[87.212,26.865],[87.168,26.877],[87.15,26.933],[87.2,26.999],[87.182,27.063],[87.274,27.143],[87.269,27.178],[87.288,27.19],[87.317,27.182],[87.361,27.192],[87.407,27.138]]]},"properties":{"type":"gain","year":2015,"areaHa":70,"district":"Dhankuta"}},{"type":"Feature","geometry":{"type":"Polygon","coordinates":[[[87.519,27.297],[87.68,27.27],[87.747,27.22],[87.751,27.205],[87.72,27.187],[87.702,27.147],[87.596,27.102],[87.543,27.049],[87.543,27.019],[87.507,26.984],[87.44,26.969],[87.445,27.003],[87.4,27.082],[87.405,27.154],[87.467,27.198],[87.48,27.251],[87.519,27.297]]]},"properties":{"type":"gain","year":2015,"areaHa":60,"district":"Terhathum"}},{"type":"Feature","geometry":{"type":"Polygon","coordinates":[[[88.073,27.435],[88.051,27.405],[88.046,27.373],[88.067,27.334],[88.036,27.284],[88.016,27.216],[88.02,27.17],[87.993,27.128],[87.995,27.106],[87.921,27.099],[87.783,27.016],[87.739,27.015],[87.689,26.97],[87.684,26.947],[87.698,26.908],[87.688,26.882],[87.665,26.869],[87.589,26.86],[87.562,26.887],[87.532,26.89],[87.528,26.954],[87.495,26.981],[87.543,27.019],[87.54,27.045],[87.596,27.102],[87.702,27.147],[87.72,27.187],[87.751,27.205],[87.683,27.278],[87.698,27.291],[87.781,27.273],[87.844,27.286],[87.948,27.281],[88.004,27.325],[88.042,27.413],[88.073,27.435]]]},"properties":{"type":"gain","year":2015,"areaHa":80,"district":"Panchthar"}},{"type":"Feature","geometry":{"type":"Polygon","coordinates":[[[87.995,27.106],[88.023,27.088],[88.039,27.038],[88.08,27.035],[88.116,26.987],[88.135,26.984],[88.122,26.951],[88.146,26.923],[88.14,26.896],[88.178,26.864],[88.171,26.846],[88.185,26.783],[88.168,26.784],[88.155,26.805],[88.151,26.776],[88.141,26.766],[88.134,26.774],[88.117,26.733],[88.093,26.764],[88.099,26.802],[88.082,26.786],[88.066,26.789],[88.051,26.75],[88.028,26.766],[88.021,26.748],[87.99,26.738],[87.984,26.719],[87.946,26.72],[87.926,26.696],[87.928,26.664],[87.882,26.682],[87.844,26.658],[87.817,26.67],[87.811,26.689],[87.783,26.684],[87.762,26.706],[87.69,26.734],[87.68,26.783],[87.658,26.798],[87.662,26.814],[87.598,26.862],[87.641,26.862],[87.688,26.882],[87.698,26.908],[87.684,26.947],[87.689,26.97],[87.742,27.017],[87.783,27.016],[87.921,27.099],[87.995,27.106]]]},"properties":{"type":"gain","year":2015,"areaHa":120,"district":"Ilam"}},{"type":"Feature","geometry":{"type":"Polygon","coordinates":[[[87.666,27.808],[87.734,27.812],[87.78,27.865],[87.786,27.898],[87.827,27.921],[87.835,27.95],[87.858,27.947],[87.865,27.912],[87.932,27.917],[87.979,27.888],[88.033,27.905],[88.064,27.887],[88.087,27.892],[88.1,27.866],[88.141,27.881],[88.205,27.839],[88.177,27.82],[88.197,27.788],[88.181,27.746],[88.159,27.735],[88.147,27.667],[88.124,27.643],[88.112,27.605],[88.08,27.58],[88.061,27.512],[88.046,27.498],[88.073,27.435],[88.042,27.413],[88.004,27.325],[87.958,27.286],[87.871,27.278],[87.844,27.286],[87.781,27.273],[87.698,27.291],[87.681,27.269],[87.661,27.268],[87.555,27.285],[87.502,27.31],[87.46,27.371],[87.448,27.405],[87.487,27.566],[87.512,27.596],[87.531,27.594],[87.562,27.696],[87.609,27.673],[87.622,27.706],[87.643,27.711],[87.655,27.759],[87.67,27.77],[87.666,27.808]]]},"properties":{"type":"cover","year":2016,"areaHa":148200,"district":"Taplejung"}},{"type":"Feature","geometry":{"type":"Polygon","coordinates":[[[87.666,27.808],[87.67,27.77],[87.655,27.759],[87.643,27.711],[87.622,27.706],[87.609,27.673],[87.562,27.696],[87.531,27.594],[87.512,27.596],[87.487,27.566],[87.448,27.399],[87.519,27.297],[87.48,27.251],[87.467,27.198],[87.41,27.163],[87.407,27.138],[87.361,27.192],[87.264,27.179],[87.212,27.238],[87.2,27.263],[87.211,27.268],[87.203,27.302],[87.186,27.318],[87.194,27.354],[87.13,27.402],[87.137,27.453],[87.106,27.464],[87.063,27.441],[87.045,27.449],[87.013,27.436],[86.946,27.46],[86.965,27.482],[86.947,27.517],[86.971,27.549],[86.955,27.574],[86.956,27.607],[86.988,27.652],[86.992,27.691],[87.014,27.728],[86.983,27.753],[86.992,27.794],[87.012,27.813],[86.985,27.828],[86.994,27.864],[86.972,27.905],[86.99,27.954],[87.04,27.949],[87.108,27.874],[87.113,27.845],[87.167,27.825],[87.227,27.821],[87.262,27.852],[87.319,27.827],[87.361,27.829],[87.373,27.846],[87.422,27.86],[87.431,27.845],[87.406,27.834],[87.453,27.824],[87.487,27.846],[87.541,27.846],[87.565,27.868],[87.586,27.856],[87.592,27.821],[87.613,27.813],[87.637,27.835],[87.667,27.838],[87.666,27.808]]]},"properties":{"type":"cover","year":2016,"areaHa":162400,"district":"Sankhuwasabha"}},{"type":"Feature","geometry":{"type":"Polygon","coordinates":[[[86.518,27.957],[86.516,28.001],[86.535,28.05],[86.565,28.068],[86.564,28.106],[86.58,28.113],[86.607,28.101],[86.609,28.078],[86.635,28.073],[86.688,28.109],[86.738,28.105],[86.765,28.078],[86.754,28.066],[86.756,28.039],[86.777,28.038],[86.791,28.021],[86.869,28.027],[86.892,28],[86.927,27.99],[86.937,27.964],[86.989,27.953],[86.972,27.905],[86.994,27.864],[86.985,27.828],[87.012,27.813],[86.992,27.794],[86.983,27.753],[87.014,27.728],[86.992,27.691],[86.988,27.652],[86.956,27.607],[86.955,27.574],[86.971,27.549],[86.946,27.512],[86.965,27.482],[86.933,27.444],[86.877,27.431],[86.822,27.44],[86.753,27.398],[86.684,27.395],[86.683,27.37],[86.657,27.343],[86.582,27.345],[86.535,27.399],[86.46,27.453],[86.441,27.491],[86.425,27.487],[86.403,27.518],[86.359,27.527],[86.378,27.568],[86.438,27.608],[86.46,27.671],[86.495,27.694],[86.539,27.694],[86.575,27.758],[86.57,27.805],[86.544,27.814],[86.562,27.916],[86.518,27.957]]]},"properties":{"type":"cover","year":2016,"areaHa":136800,"district":"Solukhumbu"}},{"type":"Feature","geometry":{"type":"Polygon","coordinates":[[[86.359,27.527],[86.403,27.518],[86.425,27.487],[86.441,27.491],[86.46,27.453],[86.535,27.399],[86.576,27.346],[86.65,27.341],[86.682,27.369],[86.687,27.314],[86.671,27.298],[86.674,27.274],[86.638,27.259],[86.623,27.239],[86.561,27.227],[86.52,27.192],[86.43,27.148],[86.42,27.168],[86.345,27.206],[86.341,27.231],[86.267,27.261],[86.227,27.238],[86.205,27.252],[86.243,27.291],[86.219,27.336],[86.24,27.416],[86.268,27.457],[86.359,27.527]]]},"properties":{"type":"cover","year":2016,"areaHa":79200,"district":"Okhaldhunga"}},{"type":"Feature","geometry":{"type":"Polygon","coordinates":[[[86.911,27.433],[86.917,27.399],[86.934,27.387],[86.935,27.357],[86.988,27.308],[86.953,27.266],[86.92,27.268],[86.903,27.255],[86.931,27.202],[86.919,27.177],[86.928,27.157],[86.902,27.11],[86.966,27.064],[86.971,27.046],[86.953,27.025],[86.971,27.008],[86.961,26.981],[86.975,26.965],[86.953,26.904],[86.812,26.873],[86.779,26.887],[86.746,27.025],[86.699,27.098],[86.67,27.122],[86.589,27.154],[86.542,27.138],[86.514,27.113],[86.47,27.105],[86.429,27.139],[86.445,27.161],[86.52,27.192],[86.561,27.227],[86.623,27.239],[86.638,27.259],[86.674,27.274],[86.671,27.298],[86.687,27.314],[86.684,27.395],[86.753,27.398],[86.826,27.441],[86.911,27.433]]]},"properties":{"type":"cover","year":2016,"areaHa":104200,"district":"Khotang"}},{"type":"Feature","geometry":{"type":"Polygon","coordinates":[[[86.946,27.46],[87.013,27.436],[87.045,27.449],[87.063,27.441],[87.106,27.464],[87.137,27.453],[87.13,27.402],[87.193,27.356],[87.186,27.318],[87.209,27.282],[87.207,27.246],[87.275,27.172],[87.274,27.143],[87.184,27.068],[87.2,26.999],[87.164,26.962],[87.154,26.919],[87.132,26.923],[87.01,26.888],[86.953,26.904],[86.975,26.965],[86.961,26.981],[86.971,27.008],[86.953,27.03],[86.971,27.048],[86.954,27.081],[86.902,27.11],[86.928,27.157],[86.919,27.177],[86.931,27.202],[86.903,27.255],[86.92,27.268],[86.953,27.266],[86.988,27.306],[86.954,27.336],[86.951,27.353],[86.935,27.357],[86.934,27.387],[86.914,27.409],[86.91,27.432],[86.946,27.46]]]},"properties":{"type":"cover","year":2016,"areaHa":93600,"district":"Bhojpur"}},{"type":"Feature","geometry":{"type":"Polygon","coordinates":[[[87.407,27.138],[87.4,27.082],[87.445,27.003],[87.44,26.969],[87.496,26.981],[87.528,26.954],[87.531,26.891],[87.562,26.887],[87.591,26.86],[87.504,26.855],[87.488,26.868],[87.454,26.865],[87.435,26.886],[87.373,26.845],[87.326,26.854],[87.311,26.871],[87.26,26.866],[87.24,26.88],[87.212,26.865],[87.168,26.877],[87.15,26.933],[87.2,26.999],[87.182,27.063],[87.274,27.143],[87.269,27.178],[87.288,27.19],[87.317,27.182],[87.361,27.192],[87.407,27.138]]]},"properties":{"type":"cover","year":2016,"areaHa":88400,"district":"Dhankuta"}},{"type":"Feature","geometry":{"type":"Polygon","coordinates":[[[87.519,27.297],[87.68,27.27],[87.747,27.22],[87.751,27.205],[87.72,27.187],[87.702,27.147],[87.596,27.102],[87.543,27.049],[87.543,27.019],[87.507,26.984],[87.44,26.969],[87.445,27.003],[87.4,27.082],[87.405,27.154],[87.467,27.198],[87.48,27.251],[87.519,27.297]]]},"properties":{"type":"cover","year":2016,"areaHa":74200,"district":"Terhathum"}},{"type":"Feature","geometry":{"type":"Polygon","coordinates":[[[88.073,27.435],[88.051,27.405],[88.046,27.373],[88.067,27.334],[88.036,27.284],[88.016,27.216],[88.02,27.17],[87.993,27.128],[87.995,27.106],[87.921,27.099],[87.783,27.016],[87.739,27.015],[87.689,26.97],[87.684,26.947],[87.698,26.908],[87.688,26.882],[87.665,26.869],[87.589,26.86],[87.562,26.887],[87.532,26.89],[87.528,26.954],[87.495,26.981],[87.543,27.019],[87.54,27.045],[87.596,27.102],[87.702,27.147],[87.72,27.187],[87.751,27.205],[87.683,27.278],[87.698,27.291],[87.781,27.273],[87.844,27.286],[87.948,27.281],[88.004,27.325],[88.042,27.413],[88.073,27.435]]]},"properties":{"type":"cover","year":2016,"areaHa":102400,"district":"Panchthar"}},{"type":"Feature","geometry":{"type":"Polygon","coordinates":[[[87.995,27.106],[88.023,27.088],[88.039,27.038],[88.08,27.035],[88.116,26.987],[88.135,26.984],[88.122,26.951],[88.146,26.923],[88.14,26.896],[88.178,26.864],[88.171,26.846],[88.185,26.783],[88.168,26.784],[88.155,26.805],[88.151,26.776],[88.141,26.766],[88.134,26.774],[88.117,26.733],[88.093,26.764],[88.099,26.802],[88.082,26.786],[88.066,26.789],[88.051,26.75],[88.028,26.766],[88.021,26.748],[87.99,26.738],[87.984,26.719],[87.946,26.72],[87.926,26.696],[87.928,26.664],[87.882,26.682],[87.844,26.658],[87.817,26.67],[87.811,26.689],[87.783,26.684],[87.762,26.706],[87.69,26.734],[87.68,26.783],[87.658,26.798],[87.662,26.814],[87.598,26.862],[87.641,26.862],[87.688,26.882],[87.698,26.908],[87.684,26.947],[87.689,26.97],[87.742,27.017],[87.783,27.016],[87.921,27.099],[87.995,27.106]]]},"properties":{"type":"cover","year":2016,"areaHa":119800,"district":"Ilam"}},{"type":"Feature","geometry":{"type":"Polygon","coordinates":[[[87.666,27.808],[87.734,27.812],[87.78,27.865],[87.786,27.898],[87.827,27.921],[87.835,27.95],[87.858,27.947],[87.865,27.912],[87.932,27.917],[87.979,27.888],[88.033,27.905],[88.064,27.887],[88.087,27.892],[88.1,27.866],[88.141,27.881],[88.205,27.839],[88.177,27.82],[88.197,27.788],[88.181,27.746],[88.159,27.735],[88.147,27.667],[88.124,27.643],[88.112,27.605],[88.08,27.58],[88.061,27.512],[88.046,27.498],[88.073,27.435],[88.042,27.413],[88.004,27.325],[87.958,27.286],[87.871,27.278],[87.844,27.286],[87.781,27.273],[87.698,27.291],[87.681,27.269],[87.661,27.268],[87.555,27.285],[87.502,27.31],[87.46,27.371],[87.448,27.405],[87.487,27.566],[87.512,27.596],[87.531,27.594],[87.562,27.696],[87.609,27.673],[87.622,27.706],[87.643,27.711],[87.655,27.759],[87.67,27.77],[87.666,27.808]]]},"properties":{"type":"loss","year":2016,"areaHa":326,"district":"Taplejung"}},{"type":"Feature","geometry":{"type":"Polygon","coordinates":[[[87.666,27.808],[87.67,27.77],[87.655,27.759],[87.643,27.711],[87.622,27.706],[87.609,27.673],[87.562,27.696],[87.531,27.594],[87.512,27.596],[87.487,27.566],[87.448,27.399],[87.519,27.297],[87.48,27.251],[87.467,27.198],[87.41,27.163],[87.407,27.138],[87.361,27.192],[87.264,27.179],[87.212,27.238],[87.2,27.263],[87.211,27.268],[87.203,27.302],[87.186,27.318],[87.194,27.354],[87.13,27.402],[87.137,27.453],[87.106,27.464],[87.063,27.441],[87.045,27.449],[87.013,27.436],[86.946,27.46],[86.965,27.482],[86.947,27.517],[86.971,27.549],[86.955,27.574],[86.956,27.607],[86.988,27.652],[86.992,27.691],[87.014,27.728],[86.983,27.753],[86.992,27.794],[87.012,27.813],[86.985,27.828],[86.994,27.864],[86.972,27.905],[86.99,27.954],[87.04,27.949],[87.108,27.874],[87.113,27.845],[87.167,27.825],[87.227,27.821],[87.262,27.852],[87.319,27.827],[87.361,27.829],[87.373,27.846],[87.422,27.86],[87.431,27.845],[87.406,27.834],[87.453,27.824],[87.487,27.846],[87.541,27.846],[87.565,27.868],[87.586,27.856],[87.592,27.821],[87.613,27.813],[87.637,27.835],[87.667,27.838],[87.666,27.808]]]},"properties":{"type":"loss","year":2016,"areaHa":265,"district":"Sankhuwasabha"}},{"type":"Feature","geometry":{"type":"Polygon","coordinates":[[[86.518,27.957],[86.516,28.001],[86.535,28.05],[86.565,28.068],[86.564,28.106],[86.58,28.113],[86.607,28.101],[86.609,28.078],[86.635,28.073],[86.688,28.109],[86.738,28.105],[86.765,28.078],[86.754,28.066],[86.756,28.039],[86.777,28.038],[86.791,28.021],[86.869,28.027],[86.892,28],[86.927,27.99],[86.937,27.964],[86.989,27.953],[86.972,27.905],[86.994,27.864],[86.985,27.828],[87.012,27.813],[86.992,27.794],[86.983,27.753],[87.014,27.728],[86.992,27.691],[86.988,27.652],[86.956,27.607],[86.955,27.574],[86.971,27.549],[86.946,27.512],[86.965,27.482],[86.933,27.444],[86.877,27.431],[86.822,27.44],[86.753,27.398],[86.684,27.395],[86.683,27.37],[86.657,27.343],[86.582,27.345],[86.535,27.399],[86.46,27.453],[86.441,27.491],[86.425,27.487],[86.403,27.518],[86.359,27.527],[86.378,27.568],[86.438,27.608],[86.46,27.671],[86.495,27.694],[86.539,27.694],[86.575,27.758],[86.57,27.805],[86.544,27.814],[86.562,27.916],[86.518,27.957]]]},"properties":{"type":"loss","year":2016,"areaHa":204,"district":"Solukhumbu"}},{"type":"Feature","geometry":{"type":"Polygon","coordinates":[[[86.359,27.527],[86.403,27.518],[86.425,27.487],[86.441,27.491],[86.46,27.453],[86.535,27.399],[86.576,27.346],[86.65,27.341],[86.682,27.369],[86.687,27.314],[86.671,27.298],[86.674,27.274],[86.638,27.259],[86.623,27.239],[86.561,27.227],[86.52,27.192],[86.43,27.148],[86.42,27.168],[86.345,27.206],[86.341,27.231],[86.267,27.261],[86.227,27.238],[86.205,27.252],[86.243,27.291],[86.219,27.336],[86.24,27.416],[86.268,27.457],[86.359,27.527]]]},"properties":{"type":"loss","year":2016,"areaHa":224,"district":"Okhaldhunga"}},{"type":"Feature","geometry":{"type":"Polygon","coordinates":[[[86.911,27.433],[86.917,27.399],[86.934,27.387],[86.935,27.357],[86.988,27.308],[86.953,27.266],[86.92,27.268],[86.903,27.255],[86.931,27.202],[86.919,27.177],[86.928,27.157],[86.902,27.11],[86.966,27.064],[86.971,27.046],[86.953,27.025],[86.971,27.008],[86.961,26.981],[86.975,26.965],[86.953,26.904],[86.812,26.873],[86.779,26.887],[86.746,27.025],[86.699,27.098],[86.67,27.122],[86.589,27.154],[86.542,27.138],[86.514,27.113],[86.47,27.105],[86.429,27.139],[86.445,27.161],[86.52,27.192],[86.561,27.227],[86.623,27.239],[86.638,27.259],[86.674,27.274],[86.671,27.298],[86.687,27.314],[86.684,27.395],[86.753,27.398],[86.826,27.441],[86.911,27.433]]]},"properties":{"type":"loss","year":2016,"areaHa":275,"district":"Khotang"}},{"type":"Feature","geometry":{"type":"Polygon","coordinates":[[[86.946,27.46],[87.013,27.436],[87.045,27.449],[87.063,27.441],[87.106,27.464],[87.137,27.453],[87.13,27.402],[87.193,27.356],[87.186,27.318],[87.209,27.282],[87.207,27.246],[87.275,27.172],[87.274,27.143],[87.184,27.068],[87.2,26.999],[87.164,26.962],[87.154,26.919],[87.132,26.923],[87.01,26.888],[86.953,26.904],[86.975,26.965],[86.961,26.981],[86.971,27.008],[86.953,27.03],[86.971,27.048],[86.954,27.081],[86.902,27.11],[86.928,27.157],[86.919,27.177],[86.931,27.202],[86.903,27.255],[86.92,27.268],[86.953,27.266],[86.988,27.306],[86.954,27.336],[86.951,27.353],[86.935,27.357],[86.934,27.387],[86.914,27.409],[86.91,27.432],[86.946,27.46]]]},"properties":{"type":"loss","year":2016,"areaHa":235,"district":"Bhojpur"}},{"type":"Feature","geometry":{"type":"Polygon","coordinates":[[[87.407,27.138],[87.4,27.082],[87.445,27.003],[87.44,26.969],[87.496,26.981],[87.528,26.954],[87.531,26.891],[87.562,26.887],[87.591,26.86],[87.504,26.855],[87.488,26.868],[87.454,26.865],[87.435,26.886],[87.373,26.845],[87.326,26.854],[87.311,26.871],[87.26,26.866],[87.24,26.88],[87.212,26.865],[87.168,26.877],[87.15,26.933],[87.2,26.999],[87.182,27.063],[87.274,27.143],[87.269,27.178],[87.288,27.19],[87.317,27.182],[87.361,27.192],[87.407,27.138]]]},"properties":{"type":"loss","year":2016,"areaHa":214,"district":"Dhankuta"}},{"type":"Feature","geometry":{"type":"Polygon","coordinates":[[[87.519,27.297],[87.68,27.27],[87.747,27.22],[87.751,27.205],[87.72,27.187],[87.702,27.147],[87.596,27.102],[87.543,27.049],[87.543,27.019],[87.507,26.984],[87.44,26.969],[87.445,27.003],[87.4,27.082],[87.405,27.154],[87.467,27.198],[87.48,27.251],[87.519,27.297]]]},"properties":{"type":"loss","year":2016,"areaHa":184,"district":"Terhathum"}},{"type":"Feature","geometry":{"type":"Polygon","coordinates":[[[88.073,27.435],[88.051,27.405],[88.046,27.373],[88.067,27.334],[88.036,27.284],[88.016,27.216],[88.02,27.17],[87.993,27.128],[87.995,27.106],[87.921,27.099],[87.783,27.016],[87.739,27.015],[87.689,26.97],[87.684,26.947],[87.698,26.908],[87.688,26.882],[87.665,26.869],[87.589,26.86],[87.562,26.887],[87.532,26.89],[87.528,26.954],[87.495,26.981],[87.543,27.019],[87.54,27.045],[87.596,27.102],[87.702,27.147],[87.72,27.187],[87.751,27.205],[87.683,27.278],[87.698,27.291],[87.781,27.273],[87.844,27.286],[87.948,27.281],[88.004,27.325],[88.042,27.413],[88.073,27.435]]]},"properties":{"type":"loss","year":2016,"areaHa":296,"district":"Panchthar"}},{"type":"Feature","geometry":{"type":"Polygon","coordinates":[[[87.995,27.106],[88.023,27.088],[88.039,27.038],[88.08,27.035],[88.116,26.987],[88.135,26.984],[88.122,26.951],[88.146,26.923],[88.14,26.896],[88.178,26.864],[88.171,26.846],[88.185,26.783],[88.168,26.784],[88.155,26.805],[88.151,26.776],[88.141,26.766],[88.134,26.774],[88.117,26.733],[88.093,26.764],[88.099,26.802],[88.082,26.786],[88.066,26.789],[88.051,26.75],[88.028,26.766],[88.021,26.748],[87.99,26.738],[87.984,26.719],[87.946,26.72],[87.926,26.696],[87.928,26.664],[87.882,26.682],[87.844,26.658],[87.817,26.67],[87.811,26.689],[87.783,26.684],[87.762,26.706],[87.69,26.734],[87.68,26.783],[87.658,26.798],[87.662,26.814],[87.598,26.862],[87.641,26.862],[87.688,26.882],[87.698,26.908],[87.684,26.947],[87.689,26.97],[87.742,27.017],[87.783,27.016],[87.921,27.099],[87.995,27.106]]]},"properties":{"type":"loss","year":2016,"areaHa":347,"district":"Ilam"}},{"type":"Feature","geometry":{"type":"Polygon","coordinates":[[[87.666,27.808],[87.734,27.812],[87.78,27.865],[87.786,27.898],[87.827,27.921],[87.835,27.95],[87.858,27.947],[87.865,27.912],[87.932,27.917],[87.979,27.888],[88.033,27.905],[88.064,27.887],[88.087,27.892],[88.1,27.866],[88.141,27.881],[88.205,27.839],[88.177,27.82],[88.197,27.788],[88.181,27.746],[88.159,27.735],[88.147,27.667],[88.124,27.643],[88.112,27.605],[88.08,27.58],[88.061,27.512],[88.046,27.498],[88.073,27.435],[88.042,27.413],[88.004,27.325],[87.958,27.286],[87.871,27.278],[87.844,27.286],[87.781,27.273],[87.698,27.291],[87.681,27.269],[87.661,27.268],[87.555,27.285],[87.502,27.31],[87.46,27.371],[87.448,27.405],[87.487,27.566],[87.512,27.596],[87.531,27.594],[87.562,27.696],[87.609,27.673],[87.622,27.706],[87.643,27.711],[87.655,27.759],[87.67,27.77],[87.666,27.808]]]},"properties":{"type":"gain","year":2016,"areaHa":96,"district":"Taplejung"}},{"type":"Feature","geometry":{"type":"Polygon","coordinates":[[[87.666,27.808],[87.67,27.77],[87.655,27.759],[87.643,27.711],[87.622,27.706],[87.609,27.673],[87.562,27.696],[87.531,27.594],[87.512,27.596],[87.487,27.566],[87.448,27.399],[87.519,27.297],[87.48,27.251],[87.467,27.198],[87.41,27.163],[87.407,27.138],[87.361,27.192],[87.264,27.179],[87.212,27.238],[87.2,27.263],[87.211,27.268],[87.203,27.302],[87.186,27.318],[87.194,27.354],[87.13,27.402],[87.137,27.453],[87.106,27.464],[87.063,27.441],[87.045,27.449],[87.013,27.436],[86.946,27.46],[86.965,27.482],[86.947,27.517],[86.971,27.549],[86.955,27.574],[86.956,27.607],[86.988,27.652],[86.992,27.691],[87.014,27.728],[86.983,27.753],[86.992,27.794],[87.012,27.813],[86.985,27.828],[86.994,27.864],[86.972,27.905],[86.99,27.954],[87.04,27.949],[87.108,27.874],[87.113,27.845],[87.167,27.825],[87.227,27.821],[87.262,27.852],[87.319,27.827],[87.361,27.829],[87.373,27.846],[87.422,27.86],[87.431,27.845],[87.406,27.834],[87.453,27.824],[87.487,27.846],[87.541,27.846],[87.565,27.868],[87.586,27.856],[87.592,27.821],[87.613,27.813],[87.637,27.835],[87.667,27.838],[87.666,27.808]]]},"properties":{"type":"gain","year":2016,"areaHa":111,"district":"Sankhuwasabha"}},{"type":"Feature","geometry":{"type":"Polygon","coordinates":[[[86.518,27.957],[86.516,28.001],[86.535,28.05],[86.565,28.068],[86.564,28.106],[86.58,28.113],[86.607,28.101],[86.609,28.078],[86.635,28.073],[86.688,28.109],[86.738,28.105],[86.765,28.078],[86.754,28.066],[86.756,28.039],[86.777,28.038],[86.791,28.021],[86.869,28.027],[86.892,28],[86.927,27.99],[86.937,27.964],[86.989,27.953],[86.972,27.905],[86.994,27.864],[86.985,27.828],[87.012,27.813],[86.992,27.794],[86.983,27.753],[87.014,27.728],[86.992,27.691],[86.988,27.652],[86.956,27.607],[86.955,27.574],[86.971,27.549],[86.946,27.512],[86.965,27.482],[86.933,27.444],[86.877,27.431],[86.822,27.44],[86.753,27.398],[86.684,27.395],[86.683,27.37],[86.657,27.343],[86.582,27.345],[86.535,27.399],[86.46,27.453],[86.441,27.491],[86.425,27.487],[86.403,27.518],[86.359,27.527],[86.378,27.568],[86.438,27.608],[86.46,27.671],[86.495,27.694],[86.539,27.694],[86.575,27.758],[86.57,27.805],[86.544,27.814],[86.562,27.916],[86.518,27.957]]]},"properties":{"type":"gain","year":2016,"areaHa":91,"district":"Solukhumbu"}},{"type":"Feature","geometry":{"type":"Polygon","coordinates":[[[86.359,27.527],[86.403,27.518],[86.425,27.487],[86.441,27.491],[86.46,27.453],[86.535,27.399],[86.576,27.346],[86.65,27.341],[86.682,27.369],[86.687,27.314],[86.671,27.298],[86.674,27.274],[86.638,27.259],[86.623,27.239],[86.561,27.227],[86.52,27.192],[86.43,27.148],[86.42,27.168],[86.345,27.206],[86.341,27.231],[86.267,27.261],[86.227,27.238],[86.205,27.252],[86.243,27.291],[86.219,27.336],[86.24,27.416],[86.268,27.457],[86.359,27.527]]]},"properties":{"type":"gain","year":2016,"areaHa":66,"district":"Okhaldhunga"}},{"type":"Feature","geometry":{"type":"Polygon","coordinates":[[[86.911,27.433],[86.917,27.399],[86.934,27.387],[86.935,27.357],[86.988,27.308],[86.953,27.266],[86.92,27.268],[86.903,27.255],[86.931,27.202],[86.919,27.177],[86.928,27.157],[86.902,27.11],[86.966,27.064],[86.971,27.046],[86.953,27.025],[86.971,27.008],[86.961,26.981],[86.975,26.965],[86.953,26.904],[86.812,26.873],[86.779,26.887],[86.746,27.025],[86.699,27.098],[86.67,27.122],[86.589,27.154],[86.542,27.138],[86.514,27.113],[86.47,27.105],[86.429,27.139],[86.445,27.161],[86.52,27.192],[86.561,27.227],[86.623,27.239],[86.638,27.259],[86.674,27.274],[86.671,27.298],[86.687,27.314],[86.684,27.395],[86.753,27.398],[86.826,27.441],[86.911,27.433]]]},"properties":{"type":"gain","year":2016,"areaHa":86,"district":"Khotang"}},{"type":"Feature","geometry":{"type":"Polygon","coordinates":[[[86.946,27.46],[87.013,27.436],[87.045,27.449],[87.063,27.441],[87.106,27.464],[87.137,27.453],[87.13,27.402],[87.193,27.356],[87.186,27.318],[87.209,27.282],[87.207,27.246],[87.275,27.172],[87.274,27.143],[87.184,27.068],[87.2,26.999],[87.164,26.962],[87.154,26.919],[87.132,26.923],[87.01,26.888],[86.953,26.904],[86.975,26.965],[86.961,26.981],[86.971,27.008],[86.953,27.03],[86.971,27.048],[86.954,27.081],[86.902,27.11],[86.928,27.157],[86.919,27.177],[86.931,27.202],[86.903,27.255],[86.92,27.268],[86.953,27.266],[86.988,27.306],[86.954,27.336],[86.951,27.353],[86.935,27.357],[86.934,27.387],[86.914,27.409],[86.91,27.432],[86.946,27.46]]]},"properties":{"type":"gain","year":2016,"areaHa":76,"district":"Bhojpur"}},{"type":"Feature","geometry":{"type":"Polygon","coordinates":[[[87.407,27.138],[87.4,27.082],[87.445,27.003],[87.44,26.969],[87.496,26.981],[87.528,26.954],[87.531,26.891],[87.562,26.887],[87.591,26.86],[87.504,26.855],[87.488,26.868],[87.454,26.865],[87.435,26.886],[87.373,26.845],[87.326,26.854],[87.311,26.871],[87.26,26.866],[87.24,26.88],[87.212,26.865],[87.168,26.877],[87.15,26.933],[87.2,26.999],[87.182,27.063],[87.274,27.143],[87.269,27.178],[87.288,27.19],[87.317,27.182],[87.361,27.192],[87.407,27.138]]]},"properties":{"type":"gain","year":2016,"areaHa":71,"district":"Dhankuta"}},{"type":"Feature","geometry":{"type":"Polygon","coordinates":[[[87.519,27.297],[87.68,27.27],[87.747,27.22],[87.751,27.205],[87.72,27.187],[87.702,27.147],[87.596,27.102],[87.543,27.049],[87.543,27.019],[87.507,26.984],[87.44,26.969],[87.445,27.003],[87.4,27.082],[87.405,27.154],[87.467,27.198],[87.48,27.251],[87.519,27.297]]]},"properties":{"type":"gain","year":2016,"areaHa":61,"district":"Terhathum"}},{"type":"Feature","geometry":{"type":"Polygon","coordinates":[[[88.073,27.435],[88.051,27.405],[88.046,27.373],[88.067,27.334],[88.036,27.284],[88.016,27.216],[88.02,27.17],[87.993,27.128],[87.995,27.106],[87.921,27.099],[87.783,27.016],[87.739,27.015],[87.689,26.97],[87.684,26.947],[87.698,26.908],[87.688,26.882],[87.665,26.869],[87.589,26.86],[87.562,26.887],[87.532,26.89],[87.528,26.954],[87.495,26.981],[87.543,27.019],[87.54,27.045],[87.596,27.102],[87.702,27.147],[87.72,27.187],[87.751,27.205],[87.683,27.278],[87.698,27.291],[87.781,27.273],[87.844,27.286],[87.948,27.281],[88.004,27.325],[88.042,27.413],[88.073,27.435]]]},"properties":{"type":"gain","year":2016,"areaHa":81,"district":"Panchthar"}},{"type":"Feature","geometry":{"type":"Polygon","coordinates":[[[87.995,27.106],[88.023,27.088],[88.039,27.038],[88.08,27.035],[88.116,26.987],[88.135,26.984],[88.122,26.951],[88.146,26.923],[88.14,26.896],[88.178,26.864],[88.171,26.846],[88.185,26.783],[88.168,26.784],[88.155,26.805],[88.151,26.776],[88.141,26.766],[88.134,26.774],[88.117,26.733],[88.093,26.764],[88.099,26.802],[88.082,26.786],[88.066,26.789],[88.051,26.75],[88.028,26.766],[88.021,26.748],[87.99,26.738],[87.984,26.719],[87.946,26.72],[87.926,26.696],[87.928,26.664],[87.882,26.682],[87.844,26.658],[87.817,26.67],[87.811,26.689],[87.783,26.684],[87.762,26.706],[87.69,26.734],[87.68,26.783],[87.658,26.798],[87.662,26.814],[87.598,26.862],[87.641,26.862],[87.688,26.882],[87.698,26.908],[87.684,26.947],[87.689,26.97],[87.742,27.017],[87.783,27.016],[87.921,27.099],[87.995,27.106]]]},"properties":{"type":"gain","year":2016,"areaHa":121,"district":"Ilam"}},{"type":"Feature","geometry":{"type":"Polygon","coordinates":[[[87.666,27.808],[87.734,27.812],[87.78,27.865],[87.786,27.898],[87.827,27.921],[87.835,27.95],[87.858,27.947],[87.865,27.912],[87.932,27.917],[87.979,27.888],[88.033,27.905],[88.064,27.887],[88.087,27.892],[88.1,27.866],[88.141,27.881],[88.205,27.839],[88.177,27.82],[88.197,27.788],[88.181,27.746],[88.159,27.735],[88.147,27.667],[88.124,27.643],[88.112,27.605],[88.08,27.58],[88.061,27.512],[88.046,27.498],[88.073,27.435],[88.042,27.413],[88.004,27.325],[87.958,27.286],[87.871,27.278],[87.844,27.286],[87.781,27.273],[87.698,27.291],[87.681,27.269],[87.661,27.268],[87.555,27.285],[87.502,27.31],[87.46,27.371],[87.448,27.405],[87.487,27.566],[87.512,27.596],[87.531,27.594],[87.562,27.696],[87.609,27.673],[87.622,27.706],[87.643,27.711],[87.655,27.759],[87.67,27.77],[87.666,27.808]]]},"properties":{"type":"cover","year":2017,"areaHa":148200,"district":"Taplejung"}},{"type":"Feature","geometry":{"type":"Polygon","coordinates":[[[87.666,27.808],[87.67,27.77],[87.655,27.759],[87.643,27.711],[87.622,27.706],[87.609,27.673],[87.562,27.696],[87.531,27.594],[87.512,27.596],[87.487,27.566],[87.448,27.399],[87.519,27.297],[87.48,27.251],[87.467,27.198],[87.41,27.163],[87.407,27.138],[87.361,27.192],[87.264,27.179],[87.212,27.238],[87.2,27.263],[87.211,27.268],[87.203,27.302],[87.186,27.318],[87.194,27.354],[87.13,27.402],[87.137,27.453],[87.106,27.464],[87.063,27.441],[87.045,27.449],[87.013,27.436],[86.946,27.46],[86.965,27.482],[86.947,27.517],[86.971,27.549],[86.955,27.574],[86.956,27.607],[86.988,27.652],[86.992,27.691],[87.014,27.728],[86.983,27.753],[86.992,27.794],[87.012,27.813],[86.985,27.828],[86.994,27.864],[86.972,27.905],[86.99,27.954],[87.04,27.949],[87.108,27.874],[87.113,27.845],[87.167,27.825],[87.227,27.821],[87.262,27.852],[87.319,27.827],[87.361,27.829],[87.373,27.846],[87.422,27.86],[87.431,27.845],[87.406,27.834],[87.453,27.824],[87.487,27.846],[87.541,27.846],[87.565,27.868],[87.586,27.856],[87.592,27.821],[87.613,27.813],[87.637,27.835],[87.667,27.838],[87.666,27.808]]]},"properties":{"type":"cover","year":2017,"areaHa":162400,"district":"Sankhuwasabha"}},{"type":"Feature","geometry":{"type":"Polygon","coordinates":[[[86.518,27.957],[86.516,28.001],[86.535,28.05],[86.565,28.068],[86.564,28.106],[86.58,28.113],[86.607,28.101],[86.609,28.078],[86.635,28.073],[86.688,28.109],[86.738,28.105],[86.765,28.078],[86.754,28.066],[86.756,28.039],[86.777,28.038],[86.791,28.021],[86.869,28.027],[86.892,28],[86.927,27.99],[86.937,27.964],[86.989,27.953],[86.972,27.905],[86.994,27.864],[86.985,27.828],[87.012,27.813],[86.992,27.794],[86.983,27.753],[87.014,27.728],[86.992,27.691],[86.988,27.652],[86.956,27.607],[86.955,27.574],[86.971,27.549],[86.946,27.512],[86.965,27.482],[86.933,27.444],[86.877,27.431],[86.822,27.44],[86.753,27.398],[86.684,27.395],[86.683,27.37],[86.657,27.343],[86.582,27.345],[86.535,27.399],[86.46,27.453],[86.441,27.491],[86.425,27.487],[86.403,27.518],[86.359,27.527],[86.378,27.568],[86.438,27.608],[86.46,27.671],[86.495,27.694],[86.539,27.694],[86.575,27.758],[86.57,27.805],[86.544,27.814],[86.562,27.916],[86.518,27.957]]]},"properties":{"type":"cover","year":2017,"areaHa":136800,"district":"Solukhumbu"}},{"type":"Feature","geometry":{"type":"Polygon","coordinates":[[[86.359,27.527],[86.403,27.518],[86.425,27.487],[86.441,27.491],[86.46,27.453],[86.535,27.399],[86.576,27.346],[86.65,27.341],[86.682,27.369],[86.687,27.314],[86.671,27.298],[86.674,27.274],[86.638,27.259],[86.623,27.239],[86.561,27.227],[86.52,27.192],[86.43,27.148],[86.42,27.168],[86.345,27.206],[86.341,27.231],[86.267,27.261],[86.227,27.238],[86.205,27.252],[86.243,27.291],[86.219,27.336],[86.24,27.416],[86.268,27.457],[86.359,27.527]]]},"properties":{"type":"cover","year":2017,"areaHa":79200,"district":"Okhaldhunga"}},{"type":"Feature","geometry":{"type":"Polygon","coordinates":[[[86.911,27.433],[86.917,27.399],[86.934,27.387],[86.935,27.357],[86.988,27.308],[86.953,27.266],[86.92,27.268],[86.903,27.255],[86.931,27.202],[86.919,27.177],[86.928,27.157],[86.902,27.11],[86.966,27.064],[86.971,27.046],[86.953,27.025],[86.971,27.008],[86.961,26.981],[86.975,26.965],[86.953,26.904],[86.812,26.873],[86.779,26.887],[86.746,27.025],[86.699,27.098],[86.67,27.122],[86.589,27.154],[86.542,27.138],[86.514,27.113],[86.47,27.105],[86.429,27.139],[86.445,27.161],[86.52,27.192],[86.561,27.227],[86.623,27.239],[86.638,27.259],[86.674,27.274],[86.671,27.298],[86.687,27.314],[86.684,27.395],[86.753,27.398],[86.826,27.441],[86.911,27.433]]]},"properties":{"type":"cover","year":2017,"areaHa":104200,"district":"Khotang"}},{"type":"Feature","geometry":{"type":"Polygon","coordinates":[[[86.946,27.46],[87.013,27.436],[87.045,27.449],[87.063,27.441],[87.106,27.464],[87.137,27.453],[87.13,27.402],[87.193,27.356],[87.186,27.318],[87.209,27.282],[87.207,27.246],[87.275,27.172],[87.274,27.143],[87.184,27.068],[87.2,26.999],[87.164,26.962],[87.154,26.919],[87.132,26.923],[87.01,26.888],[86.953,26.904],[86.975,26.965],[86.961,26.981],[86.971,27.008],[86.953,27.03],[86.971,27.048],[86.954,27.081],[86.902,27.11],[86.928,27.157],[86.919,27.177],[86.931,27.202],[86.903,27.255],[86.92,27.268],[86.953,27.266],[86.988,27.306],[86.954,27.336],[86.951,27.353],[86.935,27.357],[86.934,27.387],[86.914,27.409],[86.91,27.432],[86.946,27.46]]]},"properties":{"type":"cover","year":2017,"areaHa":93600,"district":"Bhojpur"}},{"type":"Feature","geometry":{"type":"Polygon","coordinates":[[[87.407,27.138],[87.4,27.082],[87.445,27.003],[87.44,26.969],[87.496,26.981],[87.528,26.954],[87.531,26.891],[87.562,26.887],[87.591,26.86],[87.504,26.855],[87.488,26.868],[87.454,26.865],[87.435,26.886],[87.373,26.845],[87.326,26.854],[87.311,26.871],[87.26,26.866],[87.24,26.88],[87.212,26.865],[87.168,26.877],[87.15,26.933],[87.2,26.999],[87.182,27.063],[87.274,27.143],[87.269,27.178],[87.288,27.19],[87.317,27.182],[87.361,27.192],[87.407,27.138]]]},"properties":{"type":"cover","year":2017,"areaHa":88400,"district":"Dhankuta"}},{"type":"Feature","geometry":{"type":"Polygon","coordinates":[[[87.519,27.297],[87.68,27.27],[87.747,27.22],[87.751,27.205],[87.72,27.187],[87.702,27.147],[87.596,27.102],[87.543,27.049],[87.543,27.019],[87.507,26.984],[87.44,26.969],[87.445,27.003],[87.4,27.082],[87.405,27.154],[87.467,27.198],[87.48,27.251],[87.519,27.297]]]},"properties":{"type":"cover","year":2017,"areaHa":74200,"district":"Terhathum"}},{"type":"Feature","geometry":{"type":"Polygon","coordinates":[[[88.073,27.435],[88.051,27.405],[88.046,27.373],[88.067,27.334],[88.036,27.284],[88.016,27.216],[88.02,27.17],[87.993,27.128],[87.995,27.106],[87.921,27.099],[87.783,27.016],[87.739,27.015],[87.689,26.97],[87.684,26.947],[87.698,26.908],[87.688,26.882],[87.665,26.869],[87.589,26.86],[87.562,26.887],[87.532,26.89],[87.528,26.954],[87.495,26.981],[87.543,27.019],[87.54,27.045],[87.596,27.102],[87.702,27.147],[87.72,27.187],[87.751,27.205],[87.683,27.278],[87.698,27.291],[87.781,27.273],[87.844,27.286],[87.948,27.281],[88.004,27.325],[88.042,27.413],[88.073,27.435]]]},"properties":{"type":"cover","year":2017,"areaHa":102400,"district":"Panchthar"}},{"type":"Feature","geometry":{"type":"Polygon","coordinates":[[[87.995,27.106],[88.023,27.088],[88.039,27.038],[88.08,27.035],[88.116,26.987],[88.135,26.984],[88.122,26.951],[88.146,26.923],[88.14,26.896],[88.178,26.864],[88.171,26.846],[88.185,26.783],[88.168,26.784],[88.155,26.805],[88.151,26.776],[88.141,26.766],[88.134,26.774],[88.117,26.733],[88.093,26.764],[88.099,26.802],[88.082,26.786],[88.066,26.789],[88.051,26.75],[88.028,26.766],[88.021,26.748],[87.99,26.738],[87.984,26.719],[87.946,26.72],[87.926,26.696],[87.928,26.664],[87.882,26.682],[87.844,26.658],[87.817,26.67],[87.811,26.689],[87.783,26.684],[87.762,26.706],[87.69,26.734],[87.68,26.783],[87.658,26.798],[87.662,26.814],[87.598,26.862],[87.641,26.862],[87.688,26.882],[87.698,26.908],[87.684,26.947],[87.689,26.97],[87.742,27.017],[87.783,27.016],[87.921,27.099],[87.995,27.106]]]},"properties":{"type":"cover","year":2017,"areaHa":119800,"district":"Ilam"}},{"type":"Feature","geometry":{"type":"Polygon","coordinates":[[[87.666,27.808],[87.734,27.812],[87.78,27.865],[87.786,27.898],[87.827,27.921],[87.835,27.95],[87.858,27.947],[87.865,27.912],[87.932,27.917],[87.979,27.888],[88.033,27.905],[88.064,27.887],[88.087,27.892],[88.1,27.866],[88.141,27.881],[88.205,27.839],[88.177,27.82],[88.197,27.788],[88.181,27.746],[88.159,27.735],[88.147,27.667],[88.124,27.643],[88.112,27.605],[88.08,27.58],[88.061,27.512],[88.046,27.498],[88.073,27.435],[88.042,27.413],[88.004,27.325],[87.958,27.286],[87.871,27.278],[87.844,27.286],[87.781,27.273],[87.698,27.291],[87.681,27.269],[87.661,27.268],[87.555,27.285],[87.502,27.31],[87.46,27.371],[87.448,27.405],[87.487,27.566],[87.512,27.596],[87.531,27.594],[87.562,27.696],[87.609,27.673],[87.622,27.706],[87.643,27.711],[87.655,27.759],[87.67,27.77],[87.666,27.808]]]},"properties":{"type":"loss","year":2017,"areaHa":333,"district":"Taplejung"}},{"type":"Feature","geometry":{"type":"Polygon","coordinates":[[[87.666,27.808],[87.67,27.77],[87.655,27.759],[87.643,27.711],[87.622,27.706],[87.609,27.673],[87.562,27.696],[87.531,27.594],[87.512,27.596],[87.487,27.566],[87.448,27.399],[87.519,27.297],[87.48,27.251],[87.467,27.198],[87.41,27.163],[87.407,27.138],[87.361,27.192],[87.264,27.179],[87.212,27.238],[87.2,27.263],[87.211,27.268],[87.203,27.302],[87.186,27.318],[87.194,27.354],[87.13,27.402],[87.137,27.453],[87.106,27.464],[87.063,27.441],[87.045,27.449],[87.013,27.436],[86.946,27.46],[86.965,27.482],[86.947,27.517],[86.971,27.549],[86.955,27.574],[86.956,27.607],[86.988,27.652],[86.992,27.691],[87.014,27.728],[86.983,27.753],[86.992,27.794],[87.012,27.813],[86.985,27.828],[86.994,27.864],[86.972,27.905],[86.99,27.954],[87.04,27.949],[87.108,27.874],[87.113,27.845],[87.167,27.825],[87.227,27.821],[87.262,27.852],[87.319,27.827],[87.361,27.829],[87.373,27.846],[87.422,27.86],[87.431,27.845],[87.406,27.834],[87.453,27.824],[87.487,27.846],[87.541,27.846],[87.565,27.868],[87.586,27.856],[87.592,27.821],[87.613,27.813],[87.637,27.835],[87.667,27.838],[87.666,27.808]]]},"properties":{"type":"loss","year":2017,"areaHa":270,"district":"Sankhuwasabha"}},{"type":"Feature","geometry":{"type":"Polygon","coordinates":[[[86.518,27.957],[86.516,28.001],[86.535,28.05],[86.565,28.068],[86.564,28.106],[86.58,28.113],[86.607,28.101],[86.609,28.078],[86.635,28.073],[86.688,28.109],[86.738,28.105],[86.765,28.078],[86.754,28.066],[86.756,28.039],[86.777,28.038],[86.791,28.021],[86.869,28.027],[86.892,28],[86.927,27.99],[86.937,27.964],[86.989,27.953],[86.972,27.905],[86.994,27.864],[86.985,27.828],[87.012,27.813],[86.992,27.794],[86.983,27.753],[87.014,27.728],[86.992,27.691],[86.988,27.652],[86.956,27.607],[86.955,27.574],[86.971,27.549],[86.946,27.512],[86.965,27.482],[86.933,27.444],[86.877,27.431],[86.822,27.44],[86.753,27.398],[86.684,27.395],[86.683,27.37],[86.657,27.343],[86.582,27.345],[86.535,27.399],[86.46,27.453],[86.441,27.491],[86.425,27.487],[86.403,27.518],[86.359,27.527],[86.378,27.568],[86.438,27.608],[86.46,27.671],[86.495,27.694],[86.539,27.694],[86.575,27.758],[86.57,27.805],[86.544,27.814],[86.562,27.916],[86.518,27.957]]]},"properties":{"type":"loss","year":2017,"areaHa":208,"district":"Solukhumbu"}},{"type":"Feature","geometry":{"type":"Polygon","coordinates":[[[86.359,27.527],[86.403,27.518],[86.425,27.487],[86.441,27.491],[86.46,27.453],[86.535,27.399],[86.576,27.346],[86.65,27.341],[86.682,27.369],[86.687,27.314],[86.671,27.298],[86.674,27.274],[86.638,27.259],[86.623,27.239],[86.561,27.227],[86.52,27.192],[86.43,27.148],[86.42,27.168],[86.345,27.206],[86.341,27.231],[86.267,27.261],[86.227,27.238],[86.205,27.252],[86.243,27.291],[86.219,27.336],[86.24,27.416],[86.268,27.457],[86.359,27.527]]]},"properties":{"type":"loss","year":2017,"areaHa":229,"district":"Okhaldhunga"}},{"type":"Feature","geometry":{"type":"Polygon","coordinates":[[[86.911,27.433],[86.917,27.399],[86.934,27.387],[86.935,27.357],[86.988,27.308],[86.953,27.266],[86.92,27.268],[86.903,27.255],[86.931,27.202],[86.919,27.177],[86.928,27.157],[86.902,27.11],[86.966,27.064],[86.971,27.046],[86.953,27.025],[86.971,27.008],[86.961,26.981],[86.975,26.965],[86.953,26.904],[86.812,26.873],[86.779,26.887],[86.746,27.025],[86.699,27.098],[86.67,27.122],[86.589,27.154],[86.542,27.138],[86.514,27.113],[86.47,27.105],[86.429,27.139],[86.445,27.161],[86.52,27.192],[86.561,27.227],[86.623,27.239],[86.638,27.259],[86.674,27.274],[86.671,27.298],[86.687,27.314],[86.684,27.395],[86.753,27.398],[86.826,27.441],[86.911,27.433]]]},"properties":{"type":"loss","year":2017,"areaHa":281,"district":"Khotang"}},{"type":"Feature","geometry":{"type":"Polygon","coordinates":[[[86.946,27.46],[87.013,27.436],[87.045,27.449],[87.063,27.441],[87.106,27.464],[87.137,27.453],[87.13,27.402],[87.193,27.356],[87.186,27.318],[87.209,27.282],[87.207,27.246],[87.275,27.172],[87.274,27.143],[87.184,27.068],[87.2,26.999],[87.164,26.962],[87.154,26.919],[87.132,26.923],[87.01,26.888],[86.953,26.904],[86.975,26.965],[86.961,26.981],[86.971,27.008],[86.953,27.03],[86.971,27.048],[86.954,27.081],[86.902,27.11],[86.928,27.157],[86.919,27.177],[86.931,27.202],[86.903,27.255],[86.92,27.268],[86.953,27.266],[86.988,27.306],[86.954,27.336],[86.951,27.353],[86.935,27.357],[86.934,27.387],[86.914,27.409],[86.91,27.432],[86.946,27.46]]]},"properties":{"type":"loss","year":2017,"areaHa":239,"district":"Bhojpur"}},{"type":"Feature","geometry":{"type":"Polygon","coordinates":[[[87.407,27.138],[87.4,27.082],[87.445,27.003],[87.44,26.969],[87.496,26.981],[87.528,26.954],[87.531,26.891],[87.562,26.887],[87.591,26.86],[87.504,26.855],[87.488,26.868],[87.454,26.865],[87.435,26.886],[87.373,26.845],[87.326,26.854],[87.311,26.871],[87.26,26.866],[87.24,26.88],[87.212,26.865],[87.168,26.877],[87.15,26.933],[87.2,26.999],[87.182,27.063],[87.274,27.143],[87.269,27.178],[87.288,27.19],[87.317,27.182],[87.361,27.192],[87.407,27.138]]]},"properties":{"type":"loss","year":2017,"areaHa":218,"district":"Dhankuta"}},{"type":"Feature","geometry":{"type":"Polygon","coordinates":[[[87.519,27.297],[87.68,27.27],[87.747,27.22],[87.751,27.205],[87.72,27.187],[87.702,27.147],[87.596,27.102],[87.543,27.049],[87.543,27.019],[87.507,26.984],[87.44,26.969],[87.445,27.003],[87.4,27.082],[87.405,27.154],[87.467,27.198],[87.48,27.251],[87.519,27.297]]]},"properties":{"type":"loss","year":2017,"areaHa":187,"district":"Terhathum"}},{"type":"Feature","geometry":{"type":"Polygon","coordinates":[[[88.073,27.435],[88.051,27.405],[88.046,27.373],[88.067,27.334],[88.036,27.284],[88.016,27.216],[88.02,27.17],[87.993,27.128],[87.995,27.106],[87.921,27.099],[87.783,27.016],[87.739,27.015],[87.689,26.97],[87.684,26.947],[87.698,26.908],[87.688,26.882],[87.665,26.869],[87.589,26.86],[87.562,26.887],[87.532,26.89],[87.528,26.954],[87.495,26.981],[87.543,27.019],[87.54,27.045],[87.596,27.102],[87.702,27.147],[87.72,27.187],[87.751,27.205],[87.683,27.278],[87.698,27.291],[87.781,27.273],[87.844,27.286],[87.948,27.281],[88.004,27.325],[88.042,27.413],[88.073,27.435]]]},"properties":{"type":"loss","year":2017,"areaHa":302,"district":"Panchthar"}},{"type":"Feature","geometry":{"type":"Polygon","coordinates":[[[87.995,27.106],[88.023,27.088],[88.039,27.038],[88.08,27.035],[88.116,26.987],[88.135,26.984],[88.122,26.951],[88.146,26.923],[88.14,26.896],[88.178,26.864],[88.171,26.846],[88.185,26.783],[88.168,26.784],[88.155,26.805],[88.151,26.776],[88.141,26.766],[88.134,26.774],[88.117,26.733],[88.093,26.764],[88.099,26.802],[88.082,26.786],[88.066,26.789],[88.051,26.75],[88.028,26.766],[88.021,26.748],[87.99,26.738],[87.984,26.719],[87.946,26.72],[87.926,26.696],[87.928,26.664],[87.882,26.682],[87.844,26.658],[87.817,26.67],[87.811,26.689],[87.783,26.684],[87.762,26.706],[87.69,26.734],[87.68,26.783],[87.658,26.798],[87.662,26.814],[87.598,26.862],[87.641,26.862],[87.688,26.882],[87.698,26.908],[87.684,26.947],[87.689,26.97],[87.742,27.017],[87.783,27.016],[87.921,27.099],[87.995,27.106]]]},"properties":{"type":"loss","year":2017,"areaHa":354,"district":"Ilam"}},{"type":"Feature","geometry":{"type":"Polygon","coordinates":[[[87.666,27.808],[87.734,27.812],[87.78,27.865],[87.786,27.898],[87.827,27.921],[87.835,27.95],[87.858,27.947],[87.865,27.912],[87.932,27.917],[87.979,27.888],[88.033,27.905],[88.064,27.887],[88.087,27.892],[88.1,27.866],[88.141,27.881],[88.205,27.839],[88.177,27.82],[88.197,27.788],[88.181,27.746],[88.159,27.735],[88.147,27.667],[88.124,27.643],[88.112,27.605],[88.08,27.58],[88.061,27.512],[88.046,27.498],[88.073,27.435],[88.042,27.413],[88.004,27.325],[87.958,27.286],[87.871,27.278],[87.844,27.286],[87.781,27.273],[87.698,27.291],[87.681,27.269],[87.661,27.268],[87.555,27.285],[87.502,27.31],[87.46,27.371],[87.448,27.405],[87.487,27.566],[87.512,27.596],[87.531,27.594],[87.562,27.696],[87.609,27.673],[87.622,27.706],[87.643,27.711],[87.655,27.759],[87.67,27.77],[87.666,27.808]]]},"properties":{"type":"gain","year":2017,"areaHa":97,"district":"Taplejung"}},{"type":"Feature","geometry":{"type":"Polygon","coordinates":[[[87.666,27.808],[87.67,27.77],[87.655,27.759],[87.643,27.711],[87.622,27.706],[87.609,27.673],[87.562,27.696],[87.531,27.594],[87.512,27.596],[87.487,27.566],[87.448,27.399],[87.519,27.297],[87.48,27.251],[87.467,27.198],[87.41,27.163],[87.407,27.138],[87.361,27.192],[87.264,27.179],[87.212,27.238],[87.2,27.263],[87.211,27.268],[87.203,27.302],[87.186,27.318],[87.194,27.354],[87.13,27.402],[87.137,27.453],[87.106,27.464],[87.063,27.441],[87.045,27.449],[87.013,27.436],[86.946,27.46],[86.965,27.482],[86.947,27.517],[86.971,27.549],[86.955,27.574],[86.956,27.607],[86.988,27.652],[86.992,27.691],[87.014,27.728],[86.983,27.753],[86.992,27.794],[87.012,27.813],[86.985,27.828],[86.994,27.864],[86.972,27.905],[86.99,27.954],[87.04,27.949],[87.108,27.874],[87.113,27.845],[87.167,27.825],[87.227,27.821],[87.262,27.852],[87.319,27.827],[87.361,27.829],[87.373,27.846],[87.422,27.86],[87.431,27.845],[87.406,27.834],[87.453,27.824],[87.487,27.846],[87.541,27.846],[87.565,27.868],[87.586,27.856],[87.592,27.821],[87.613,27.813],[87.637,27.835],[87.667,27.838],[87.666,27.808]]]},"properties":{"type":"gain","year":2017,"areaHa":112,"district":"Sankhuwasabha"}},{"type":"Feature","geometry":{"type":"Polygon","coordinates":[[[86.518,27.957],[86.516,28.001],[86.535,28.05],[86.565,28.068],[86.564,28.106],[86.58,28.113],[86.607,28.101],[86.609,28.078],[86.635,28.073],[86.688,28.109],[86.738,28.105],[86.765,28.078],[86.754,28.066],[86.756,28.039],[86.777,28.038],[86.791,28.021],[86.869,28.027],[86.892,28],[86.927,27.99],[86.937,27.964],[86.989,27.953],[86.972,27.905],[86.994,27.864],[86.985,27.828],[87.012,27.813],[86.992,27.794],[86.983,27.753],[87.014,27.728],[86.992,27.691],[86.988,27.652],[86.956,27.607],[86.955,27.574],[86.971,27.549],[86.946,27.512],[86.965,27.482],[86.933,27.444],[86.877,27.431],[86.822,27.44],[86.753,27.398],[86.684,27.395],[86.683,27.37],[86.657,27.343],[86.582,27.345],[86.535,27.399],[86.46,27.453],[86.441,27.491],[86.425,27.487],[86.403,27.518],[86.359,27.527],[86.378,27.568],[86.438,27.608],[86.46,27.671],[86.495,27.694],[86.539,27.694],[86.575,27.758],[86.57,27.805],[86.544,27.814],[86.562,27.916],[86.518,27.957]]]},"properties":{"type":"gain","year":2017,"areaHa":92,"district":"Solukhumbu"}},{"type":"Feature","geometry":{"type":"Polygon","coordinates":[[[86.359,27.527],[86.403,27.518],[86.425,27.487],[86.441,27.491],[86.46,27.453],[86.535,27.399],[86.576,27.346],[86.65,27.341],[86.682,27.369],[86.687,27.314],[86.671,27.298],[86.674,27.274],[86.638,27.259],[86.623,27.239],[86.561,27.227],[86.52,27.192],[86.43,27.148],[86.42,27.168],[86.345,27.206],[86.341,27.231],[86.267,27.261],[86.227,27.238],[86.205,27.252],[86.243,27.291],[86.219,27.336],[86.24,27.416],[86.268,27.457],[86.359,27.527]]]},"properties":{"type":"gain","year":2017,"areaHa":66,"district":"Okhaldhunga"}},{"type":"Feature","geometry":{"type":"Polygon","coordinates":[[[86.911,27.433],[86.917,27.399],[86.934,27.387],[86.935,27.357],[86.988,27.308],[86.953,27.266],[86.92,27.268],[86.903,27.255],[86.931,27.202],[86.919,27.177],[86.928,27.157],[86.902,27.11],[86.966,27.064],[86.971,27.046],[86.953,27.025],[86.971,27.008],[86.961,26.981],[86.975,26.965],[86.953,26.904],[86.812,26.873],[86.779,26.887],[86.746,27.025],[86.699,27.098],[86.67,27.122],[86.589,27.154],[86.542,27.138],[86.514,27.113],[86.47,27.105],[86.429,27.139],[86.445,27.161],[86.52,27.192],[86.561,27.227],[86.623,27.239],[86.638,27.259],[86.674,27.274],[86.671,27.298],[86.687,27.314],[86.684,27.395],[86.753,27.398],[86.826,27.441],[86.911,27.433]]]},"properties":{"type":"gain","year":2017,"areaHa":87,"district":"Khotang"}},{"type":"Feature","geometry":{"type":"Polygon","coordinates":[[[86.946,27.46],[87.013,27.436],[87.045,27.449],[87.063,27.441],[87.106,27.464],[87.137,27.453],[87.13,27.402],[87.193,27.356],[87.186,27.318],[87.209,27.282],[87.207,27.246],[87.275,27.172],[87.274,27.143],[87.184,27.068],[87.2,26.999],[87.164,26.962],[87.154,26.919],[87.132,26.923],[87.01,26.888],[86.953,26.904],[86.975,26.965],[86.961,26.981],[86.971,27.008],[86.953,27.03],[86.971,27.048],[86.954,27.081],[86.902,27.11],[86.928,27.157],[86.919,27.177],[86.931,27.202],[86.903,27.255],[86.92,27.268],[86.953,27.266],[86.988,27.306],[86.954,27.336],[86.951,27.353],[86.935,27.357],[86.934,27.387],[86.914,27.409],[86.91,27.432],[86.946,27.46]]]},"properties":{"type":"gain","year":2017,"areaHa":77,"district":"Bhojpur"}},{"type":"Feature","geometry":{"type":"Polygon","coordinates":[[[87.407,27.138],[87.4,27.082],[87.445,27.003],[87.44,26.969],[87.496,26.981],[87.528,26.954],[87.531,26.891],[87.562,26.887],[87.591,26.86],[87.504,26.855],[87.488,26.868],[87.454,26.865],[87.435,26.886],[87.373,26.845],[87.326,26.854],[87.311,26.871],[87.26,26.866],[87.24,26.88],[87.212,26.865],[87.168,26.877],[87.15,26.933],[87.2,26.999],[87.182,27.063],[87.274,27.143],[87.269,27.178],[87.288,27.19],[87.317,27.182],[87.361,27.192],[87.407,27.138]]]},"properties":{"type":"gain","year":2017,"areaHa":71,"district":"Dhankuta"}},{"type":"Feature","geometry":{"type":"Polygon","coordinates":[[[87.519,27.297],[87.68,27.27],[87.747,27.22],[87.751,27.205],[87.72,27.187],[87.702,27.147],[87.596,27.102],[87.543,27.049],[87.543,27.019],[87.507,26.984],[87.44,26.969],[87.445,27.003],[87.4,27.082],[87.405,27.154],[87.467,27.198],[87.48,27.251],[87.519,27.297]]]},"properties":{"type":"gain","year":2017,"areaHa":61,"district":"Terhathum"}},{"type":"Feature","geometry":{"type":"Polygon","coordinates":[[[88.073,27.435],[88.051,27.405],[88.046,27.373],[88.067,27.334],[88.036,27.284],[88.016,27.216],[88.02,27.17],[87.993,27.128],[87.995,27.106],[87.921,27.099],[87.783,27.016],[87.739,27.015],[87.689,26.97],[87.684,26.947],[87.698,26.908],[87.688,26.882],[87.665,26.869],[87.589,26.86],[87.562,26.887],[87.532,26.89],[87.528,26.954],[87.495,26.981],[87.543,27.019],[87.54,27.045],[87.596,27.102],[87.702,27.147],[87.72,27.187],[87.751,27.205],[87.683,27.278],[87.698,27.291],[87.781,27.273],[87.844,27.286],[87.948,27.281],[88.004,27.325],[88.042,27.413],[88.073,27.435]]]},"properties":{"type":"gain","year":2017,"areaHa":82,"district":"Panchthar"}},{"type":"Feature","geometry":{"type":"Polygon","coordinates":[[[87.995,27.106],[88.023,27.088],[88.039,27.038],[88.08,27.035],[88.116,26.987],[88.135,26.984],[88.122,26.951],[88.146,26.923],[88.14,26.896],[88.178,26.864],[88.171,26.846],[88.185,26.783],[88.168,26.784],[88.155,26.805],[88.151,26.776],[88.141,26.766],[88.134,26.774],[88.117,26.733],[88.093,26.764],[88.099,26.802],[88.082,26.786],[88.066,26.789],[88.051,26.75],[88.028,26.766],[88.021,26.748],[87.99,26.738],[87.984,26.719],[87.946,26.72],[87.926,26.696],[87.928,26.664],[87.882,26.682],[87.844,26.658],[87.817,26.67],[87.811,26.689],[87.783,26.684],[87.762,26.706],[87.69,26.734],[87.68,26.783],[87.658,26.798],[87.662,26.814],[87.598,26.862],[87.641,26.862],[87.688,26.882],[87.698,26.908],[87.684,26.947],[87.689,26.97],[87.742,27.017],[87.783,27.016],[87.921,27.099],[87.995,27.106]]]},"properties":{"type":"gain","year":2017,"areaHa":122,"district":"Ilam"}},{"type":"Feature","geometry":{"type":"Polygon","coordinates":[[[87.666,27.808],[87.734,27.812],[87.78,27.865],[87.786,27.898],[87.827,27.921],[87.835,27.95],[87.858,27.947],[87.865,27.912],[87.932,27.917],[87.979,27.888],[88.033,27.905],[88.064,27.887],[88.087,27.892],[88.1,27.866],[88.141,27.881],[88.205,27.839],[88.177,27.82],[88.197,27.788],[88.181,27.746],[88.159,27.735],[88.147,27.667],[88.124,27.643],[88.112,27.605],[88.08,27.58],[88.061,27.512],[88.046,27.498],[88.073,27.435],[88.042,27.413],[88.004,27.325],[87.958,27.286],[87.871,27.278],[87.844,27.286],[87.781,27.273],[87.698,27.291],[87.681,27.269],[87.661,27.268],[87.555,27.285],[87.502,27.31],[87.46,27.371],[87.448,27.405],[87.487,27.566],[87.512,27.596],[87.531,27.594],[87.562,27.696],[87.609,27.673],[87.622,27.706],[87.643,27.711],[87.655,27.759],[87.67,27.77],[87.666,27.808]]]},"properties":{"type":"cover","year":2018,"areaHa":148200,"district":"Taplejung"}},{"type":"Feature","geometry":{"type":"Polygon","coordinates":[[[87.666,27.808],[87.67,27.77],[87.655,27.759],[87.643,27.711],[87.622,27.706],[87.609,27.673],[87.562,27.696],[87.531,27.594],[87.512,27.596],[87.487,27.566],[87.448,27.399],[87.519,27.297],[87.48,27.251],[87.467,27.198],[87.41,27.163],[87.407,27.138],[87.361,27.192],[87.264,27.179],[87.212,27.238],[87.2,27.263],[87.211,27.268],[87.203,27.302],[87.186,27.318],[87.194,27.354],[87.13,27.402],[87.137,27.453],[87.106,27.464],[87.063,27.441],[87.045,27.449],[87.013,27.436],[86.946,27.46],[86.965,27.482],[86.947,27.517],[86.971,27.549],[86.955,27.574],[86.956,27.607],[86.988,27.652],[86.992,27.691],[87.014,27.728],[86.983,27.753],[86.992,27.794],[87.012,27.813],[86.985,27.828],[86.994,27.864],[86.972,27.905],[86.99,27.954],[87.04,27.949],[87.108,27.874],[87.113,27.845],[87.167,27.825],[87.227,27.821],[87.262,27.852],[87.319,27.827],[87.361,27.829],[87.373,27.846],[87.422,27.86],[87.431,27.845],[87.406,27.834],[87.453,27.824],[87.487,27.846],[87.541,27.846],[87.565,27.868],[87.586,27.856],[87.592,27.821],[87.613,27.813],[87.637,27.835],[87.667,27.838],[87.666,27.808]]]},"properties":{"type":"cover","year":2018,"areaHa":162400,"district":"Sankhuwasabha"}},{"type":"Feature","geometry":{"type":"Polygon","coordinates":[[[86.518,27.957],[86.516,28.001],[86.535,28.05],[86.565,28.068],[86.564,28.106],[86.58,28.113],[86.607,28.101],[86.609,28.078],[86.635,28.073],[86.688,28.109],[86.738,28.105],[86.765,28.078],[86.754,28.066],[86.756,28.039],[86.777,28.038],[86.791,28.021],[86.869,28.027],[86.892,28],[86.927,27.99],[86.937,27.964],[86.989,27.953],[86.972,27.905],[86.994,27.864],[86.985,27.828],[87.012,27.813],[86.992,27.794],[86.983,27.753],[87.014,27.728],[86.992,27.691],[86.988,27.652],[86.956,27.607],[86.955,27.574],[86.971,27.549],[86.946,27.512],[86.965,27.482],[86.933,27.444],[86.877,27.431],[86.822,27.44],[86.753,27.398],[86.684,27.395],[86.683,27.37],[86.657,27.343],[86.582,27.345],[86.535,27.399],[86.46,27.453],[86.441,27.491],[86.425,27.487],[86.403,27.518],[86.359,27.527],[86.378,27.568],[86.438,27.608],[86.46,27.671],[86.495,27.694],[86.539,27.694],[86.575,27.758],[86.57,27.805],[86.544,27.814],[86.562,27.916],[86.518,27.957]]]},"properties":{"type":"cover","year":2018,"areaHa":136800,"district":"Solukhumbu"}},{"type":"Feature","geometry":{"type":"Polygon","coordinates":[[[86.359,27.527],[86.403,27.518],[86.425,27.487],[86.441,27.491],[86.46,27.453],[86.535,27.399],[86.576,27.346],[86.65,27.341],[86.682,27.369],[86.687,27.314],[86.671,27.298],[86.674,27.274],[86.638,27.259],[86.623,27.239],[86.561,27.227],[86.52,27.192],[86.43,27.148],[86.42,27.168],[86.345,27.206],[86.341,27.231],[86.267,27.261],[86.227,27.238],[86.205,27.252],[86.243,27.291],[86.219,27.336],[86.24,27.416],[86.268,27.457],[86.359,27.527]]]},"properties":{"type":"cover","year":2018,"areaHa":79200,"district":"Okhaldhunga"}},{"type":"Feature","geometry":{"type":"Polygon","coordinates":[[[86.911,27.433],[86.917,27.399],[86.934,27.387],[86.935,27.357],[86.988,27.308],[86.953,27.266],[86.92,27.268],[86.903,27.255],[86.931,27.202],[86.919,27.177],[86.928,27.157],[86.902,27.11],[86.966,27.064],[86.971,27.046],[86.953,27.025],[86.971,27.008],[86.961,26.981],[86.975,26.965],[86.953,26.904],[86.812,26.873],[86.779,26.887],[86.746,27.025],[86.699,27.098],[86.67,27.122],[86.589,27.154],[86.542,27.138],[86.514,27.113],[86.47,27.105],[86.429,27.139],[86.445,27.161],[86.52,27.192],[86.561,27.227],[86.623,27.239],[86.638,27.259],[86.674,27.274],[86.671,27.298],[86.687,27.314],[86.684,27.395],[86.753,27.398],[86.826,27.441],[86.911,27.433]]]},"properties":{"type":"cover","year":2018,"areaHa":104200,"district":"Khotang"}},{"type":"Feature","geometry":{"type":"Polygon","coordinates":[[[86.946,27.46],[87.013,27.436],[87.045,27.449],[87.063,27.441],[87.106,27.464],[87.137,27.453],[87.13,27.402],[87.193,27.356],[87.186,27.318],[87.209,27.282],[87.207,27.246],[87.275,27.172],[87.274,27.143],[87.184,27.068],[87.2,26.999],[87.164,26.962],[87.154,26.919],[87.132,26.923],[87.01,26.888],[86.953,26.904],[86.975,26.965],[86.961,26.981],[86.971,27.008],[86.953,27.03],[86.971,27.048],[86.954,27.081],[86.902,27.11],[86.928,27.157],[86.919,27.177],[86.931,27.202],[86.903,27.255],[86.92,27.268],[86.953,27.266],[86.988,27.306],[86.954,27.336],[86.951,27.353],[86.935,27.357],[86.934,27.387],[86.914,27.409],[86.91,27.432],[86.946,27.46]]]},"properties":{"type":"cover","year":2018,"areaHa":93600,"district":"Bhojpur"}},{"type":"Feature","geometry":{"type":"Polygon","coordinates":[[[87.407,27.138],[87.4,27.082],[87.445,27.003],[87.44,26.969],[87.496,26.981],[87.528,26.954],[87.531,26.891],[87.562,26.887],[87.591,26.86],[87.504,26.855],[87.488,26.868],[87.454,26.865],[87.435,26.886],[87.373,26.845],[87.326,26.854],[87.311,26.871],[87.26,26.866],[87.24,26.88],[87.212,26.865],[87.168,26.877],[87.15,26.933],[87.2,26.999],[87.182,27.063],[87.274,27.143],[87.269,27.178],[87.288,27.19],[87.317,27.182],[87.361,27.192],[87.407,27.138]]]},"properties":{"type":"cover","year":2018,"areaHa":88400,"district":"Dhankuta"}},{"type":"Feature","geometry":{"type":"Polygon","coordinates":[[[87.519,27.297],[87.68,27.27],[87.747,27.22],[87.751,27.205],[87.72,27.187],[87.702,27.147],[87.596,27.102],[87.543,27.049],[87.543,27.019],[87.507,26.984],[87.44,26.969],[87.445,27.003],[87.4,27.082],[87.405,27.154],[87.467,27.198],[87.48,27.251],[87.519,27.297]]]},"properties":{"type":"cover","year":2018,"areaHa":74200,"district":"Terhathum"}},{"type":"Feature","geometry":{"type":"Polygon","coordinates":[[[88.073,27.435],[88.051,27.405],[88.046,27.373],[88.067,27.334],[88.036,27.284],[88.016,27.216],[88.02,27.17],[87.993,27.128],[87.995,27.106],[87.921,27.099],[87.783,27.016],[87.739,27.015],[87.689,26.97],[87.684,26.947],[87.698,26.908],[87.688,26.882],[87.665,26.869],[87.589,26.86],[87.562,26.887],[87.532,26.89],[87.528,26.954],[87.495,26.981],[87.543,27.019],[87.54,27.045],[87.596,27.102],[87.702,27.147],[87.72,27.187],[87.751,27.205],[87.683,27.278],[87.698,27.291],[87.781,27.273],[87.844,27.286],[87.948,27.281],[88.004,27.325],[88.042,27.413],[88.073,27.435]]]},"properties":{"type":"cover","year":2018,"areaHa":102400,"district":"Panchthar"}},{"type":"Feature","geometry":{"type":"Polygon","coordinates":[[[87.995,27.106],[88.023,27.088],[88.039,27.038],[88.08,27.035],[88.116,26.987],[88.135,26.984],[88.122,26.951],[88.146,26.923],[88.14,26.896],[88.178,26.864],[88.171,26.846],[88.185,26.783],[88.168,26.784],[88.155,26.805],[88.151,26.776],[88.141,26.766],[88.134,26.774],[88.117,26.733],[88.093,26.764],[88.099,26.802],[88.082,26.786],[88.066,26.789],[88.051,26.75],[88.028,26.766],[88.021,26.748],[87.99,26.738],[87.984,26.719],[87.946,26.72],[87.926,26.696],[87.928,26.664],[87.882,26.682],[87.844,26.658],[87.817,26.67],[87.811,26.689],[87.783,26.684],[87.762,26.706],[87.69,26.734],[87.68,26.783],[87.658,26.798],[87.662,26.814],[87.598,26.862],[87.641,26.862],[87.688,26.882],[87.698,26.908],[87.684,26.947],[87.689,26.97],[87.742,27.017],[87.783,27.016],[87.921,27.099],[87.995,27.106]]]},"properties":{"type":"cover","year":2018,"areaHa":119800,"district":"Ilam"}},{"type":"Feature","geometry":{"type":"Polygon","coordinates":[[[87.666,27.808],[87.734,27.812],[87.78,27.865],[87.786,27.898],[87.827,27.921],[87.835,27.95],[87.858,27.947],[87.865,27.912],[87.932,27.917],[87.979,27.888],[88.033,27.905],[88.064,27.887],[88.087,27.892],[88.1,27.866],[88.141,27.881],[88.205,27.839],[88.177,27.82],[88.197,27.788],[88.181,27.746],[88.159,27.735],[88.147,27.667],[88.124,27.643],[88.112,27.605],[88.08,27.58],[88.061,27.512],[88.046,27.498],[88.073,27.435],[88.042,27.413],[88.004,27.325],[87.958,27.286],[87.871,27.278],[87.844,27.286],[87.781,27.273],[87.698,27.291],[87.681,27.269],[87.661,27.268],[87.555,27.285],[87.502,27.31],[87.46,27.371],[87.448,27.405],[87.487,27.566],[87.512,27.596],[87.531,27.594],[87.562,27.696],[87.609,27.673],[87.622,27.706],[87.643,27.711],[87.655,27.759],[87.67,27.77],[87.666,27.808]]]},"properties":{"type":"loss","year":2018,"areaHa":339,"district":"Taplejung"}},{"type":"Feature","geometry":{"type":"Polygon","coordinates":[[[87.666,27.808],[87.67,27.77],[87.655,27.759],[87.643,27.711],[87.622,27.706],[87.609,27.673],[87.562,27.696],[87.531,27.594],[87.512,27.596],[87.487,27.566],[87.448,27.399],[87.519,27.297],[87.48,27.251],[87.467,27.198],[87.41,27.163],[87.407,27.138],[87.361,27.192],[87.264,27.179],[87.212,27.238],[87.2,27.263],[87.211,27.268],[87.203,27.302],[87.186,27.318],[87.194,27.354],[87.13,27.402],[87.137,27.453],[87.106,27.464],[87.063,27.441],[87.045,27.449],[87.013,27.436],[86.946,27.46],[86.965,27.482],[86.947,27.517],[86.971,27.549],[86.955,27.574],[86.956,27.607],[86.988,27.652],[86.992,27.691],[87.014,27.728],[86.983,27.753],[86.992,27.794],[87.012,27.813],[86.985,27.828],[86.994,27.864],[86.972,27.905],[86.99,27.954],[87.04,27.949],[87.108,27.874],[87.113,27.845],[87.167,27.825],[87.227,27.821],[87.262,27.852],[87.319,27.827],[87.361,27.829],[87.373,27.846],[87.422,27.86],[87.431,27.845],[87.406,27.834],[87.453,27.824],[87.487,27.846],[87.541,27.846],[87.565,27.868],[87.586,27.856],[87.592,27.821],[87.613,27.813],[87.637,27.835],[87.667,27.838],[87.666,27.808]]]},"properties":{"type":"loss","year":2018,"areaHa":276,"district":"Sankhuwasabha"}},{"type":"Feature","geometry":{"type":"Polygon","coordinates":[[[86.518,27.957],[86.516,28.001],[86.535,28.05],[86.565,28.068],[86.564,28.106],[86.58,28.113],[86.607,28.101],[86.609,28.078],[86.635,28.073],[86.688,28.109],[86.738,28.105],[86.765,28.078],[86.754,28.066],[86.756,28.039],[86.777,28.038],[86.791,28.021],[86.869,28.027],[86.892,28],[86.927,27.99],[86.937,27.964],[86.989,27.953],[86.972,27.905],[86.994,27.864],[86.985,27.828],[87.012,27.813],[86.992,27.794],[86.983,27.753],[87.014,27.728],[86.992,27.691],[86.988,27.652],[86.956,27.607],[86.955,27.574],[86.971,27.549],[86.946,27.512],[86.965,27.482],[86.933,27.444],[86.877,27.431],[86.822,27.44],[86.753,27.398],[86.684,27.395],[86.683,27.37],[86.657,27.343],[86.582,27.345],[86.535,27.399],[86.46,27.453],[86.441,27.491],[86.425,27.487],[86.403,27.518],[86.359,27.527],[86.378,27.568],[86.438,27.608],[86.46,27.671],[86.495,27.694],[86.539,27.694],[86.575,27.758],[86.57,27.805],[86.544,27.814],[86.562,27.916],[86.518,27.957]]]},"properties":{"type":"loss","year":2018,"areaHa":212,"district":"Solukhumbu"}},{"type":"Feature","geometry":{"type":"Polygon","coordinates":[[[86.359,27.527],[86.403,27.518],[86.425,27.487],[86.441,27.491],[86.46,27.453],[86.535,27.399],[86.576,27.346],[86.65,27.341],[86.682,27.369],[86.687,27.314],[86.671,27.298],[86.674,27.274],[86.638,27.259],[86.623,27.239],[86.561,27.227],[86.52,27.192],[86.43,27.148],[86.42,27.168],[86.345,27.206],[86.341,27.231],[86.267,27.261],[86.227,27.238],[86.205,27.252],[86.243,27.291],[86.219,27.336],[86.24,27.416],[86.268,27.457],[86.359,27.527]]]},"properties":{"type":"loss","year":2018,"areaHa":233,"district":"Okhaldhunga"}},{"type":"Feature","geometry":{"type":"Polygon","coordinates":[[[86.911,27.433],[86.917,27.399],[86.934,27.387],[86.935,27.357],[86.988,27.308],[86.953,27.266],[86.92,27.268],[86.903,27.255],[86.931,27.202],[86.919,27.177],[86.928,27.157],[86.902,27.11],[86.966,27.064],[86.971,27.046],[86.953,27.025],[86.971,27.008],[86.961,26.981],[86.975,26.965],[86.953,26.904],[86.812,26.873],[86.779,26.887],[86.746,27.025],[86.699,27.098],[86.67,27.122],[86.589,27.154],[86.542,27.138],[86.514,27.113],[86.47,27.105],[86.429,27.139],[86.445,27.161],[86.52,27.192],[86.561,27.227],[86.623,27.239],[86.638,27.259],[86.674,27.274],[86.671,27.298],[86.687,27.314],[86.684,27.395],[86.753,27.398],[86.826,27.441],[86.911,27.433]]]},"properties":{"type":"loss","year":2018,"areaHa":286,"district":"Khotang"}},{"type":"Feature","geometry":{"type":"Polygon","coordinates":[[[86.946,27.46],[87.013,27.436],[87.045,27.449],[87.063,27.441],[87.106,27.464],[87.137,27.453],[87.13,27.402],[87.193,27.356],[87.186,27.318],[87.209,27.282],[87.207,27.246],[87.275,27.172],[87.274,27.143],[87.184,27.068],[87.2,26.999],[87.164,26.962],[87.154,26.919],[87.132,26.923],[87.01,26.888],[86.953,26.904],[86.975,26.965],[86.961,26.981],[86.971,27.008],[86.953,27.03],[86.971,27.048],[86.954,27.081],[86.902,27.11],[86.928,27.157],[86.919,27.177],[86.931,27.202],[86.903,27.255],[86.92,27.268],[86.953,27.266],[86.988,27.306],[86.954,27.336],[86.951,27.353],[86.935,27.357],[86.934,27.387],[86.914,27.409],[86.91,27.432],[86.946,27.46]]]},"properties":{"type":"loss","year":2018,"areaHa":244,"district":"Bhojpur"}},{"type":"Feature","geometry":{"type":"Polygon","coordinates":[[[87.407,27.138],[87.4,27.082],[87.445,27.003],[87.44,26.969],[87.496,26.981],[87.528,26.954],[87.531,26.891],[87.562,26.887],[87.591,26.86],[87.504,26.855],[87.488,26.868],[87.454,26.865],[87.435,26.886],[87.373,26.845],[87.326,26.854],[87.311,26.871],[87.26,26.866],[87.24,26.88],[87.212,26.865],[87.168,26.877],[87.15,26.933],[87.2,26.999],[87.182,27.063],[87.274,27.143],[87.269,27.178],[87.288,27.19],[87.317,27.182],[87.361,27.192],[87.407,27.138]]]},"properties":{"type":"loss","year":2018,"areaHa":223,"district":"Dhankuta"}},{"type":"Feature","geometry":{"type":"Polygon","coordinates":[[[87.519,27.297],[87.68,27.27],[87.747,27.22],[87.751,27.205],[87.72,27.187],[87.702,27.147],[87.596,27.102],[87.543,27.049],[87.543,27.019],[87.507,26.984],[87.44,26.969],[87.445,27.003],[87.4,27.082],[87.405,27.154],[87.467,27.198],[87.48,27.251],[87.519,27.297]]]},"properties":{"type":"loss","year":2018,"areaHa":191,"district":"Terhathum"}},{"type":"Feature","geometry":{"type":"Polygon","coordinates":[[[88.073,27.435],[88.051,27.405],[88.046,27.373],[88.067,27.334],[88.036,27.284],[88.016,27.216],[88.02,27.17],[87.993,27.128],[87.995,27.106],[87.921,27.099],[87.783,27.016],[87.739,27.015],[87.689,26.97],[87.684,26.947],[87.698,26.908],[87.688,26.882],[87.665,26.869],[87.589,26.86],[87.562,26.887],[87.532,26.89],[87.528,26.954],[87.495,26.981],[87.543,27.019],[87.54,27.045],[87.596,27.102],[87.702,27.147],[87.72,27.187],[87.751,27.205],[87.683,27.278],[87.698,27.291],[87.781,27.273],[87.844,27.286],[87.948,27.281],[88.004,27.325],[88.042,27.413],[88.073,27.435]]]},"properties":{"type":"loss","year":2018,"areaHa":307,"district":"Panchthar"}},{"type":"Feature","geometry":{"type":"Polygon","coordinates":[[[87.995,27.106],[88.023,27.088],[88.039,27.038],[88.08,27.035],[88.116,26.987],[88.135,26.984],[88.122,26.951],[88.146,26.923],[88.14,26.896],[88.178,26.864],[88.171,26.846],[88.185,26.783],[88.168,26.784],[88.155,26.805],[88.151,26.776],[88.141,26.766],[88.134,26.774],[88.117,26.733],[88.093,26.764],[88.099,26.802],[88.082,26.786],[88.066,26.789],[88.051,26.75],[88.028,26.766],[88.021,26.748],[87.99,26.738],[87.984,26.719],[87.946,26.72],[87.926,26.696],[87.928,26.664],[87.882,26.682],[87.844,26.658],[87.817,26.67],[87.811,26.689],[87.783,26.684],[87.762,26.706],[87.69,26.734],[87.68,26.783],[87.658,26.798],[87.662,26.814],[87.598,26.862],[87.641,26.862],[87.688,26.882],[87.698,26.908],[87.684,26.947],[87.689,26.97],[87.742,27.017],[87.783,27.016],[87.921,27.099],[87.995,27.106]]]},"properties":{"type":"loss","year":2018,"areaHa":360,"district":"Ilam"}},{"type":"Feature","geometry":{"type":"Polygon","coordinates":[[[87.666,27.808],[87.734,27.812],[87.78,27.865],[87.786,27.898],[87.827,27.921],[87.835,27.95],[87.858,27.947],[87.865,27.912],[87.932,27.917],[87.979,27.888],[88.033,27.905],[88.064,27.887],[88.087,27.892],[88.1,27.866],[88.141,27.881],[88.205,27.839],[88.177,27.82],[88.197,27.788],[88.181,27.746],[88.159,27.735],[88.147,27.667],[88.124,27.643],[88.112,27.605],[88.08,27.58],[88.061,27.512],[88.046,27.498],[88.073,27.435],[88.042,27.413],[88.004,27.325],[87.958,27.286],[87.871,27.278],[87.844,27.286],[87.781,27.273],[87.698,27.291],[87.681,27.269],[87.661,27.268],[87.555,27.285],[87.502,27.31],[87.46,27.371],[87.448,27.405],[87.487,27.566],[87.512,27.596],[87.531,27.594],[87.562,27.696],[87.609,27.673],[87.622,27.706],[87.643,27.711],[87.655,27.759],[87.67,27.77],[87.666,27.808]]]},"properties":{"type":"gain","year":2018,"areaHa":98,"district":"Taplejung"}},{"type":"Feature","geometry":{"type":"Polygon","coordinates":[[[87.666,27.808],[87.67,27.77],[87.655,27.759],[87.643,27.711],[87.622,27.706],[87.609,27.673],[87.562,27.696],[87.531,27.594],[87.512,27.596],[87.487,27.566],[87.448,27.399],[87.519,27.297],[87.48,27.251],[87.467,27.198],[87.41,27.163],[87.407,27.138],[87.361,27.192],[87.264,27.179],[87.212,27.238],[87.2,27.263],[87.211,27.268],[87.203,27.302],[87.186,27.318],[87.194,27.354],[87.13,27.402],[87.137,27.453],[87.106,27.464],[87.063,27.441],[87.045,27.449],[87.013,27.436],[86.946,27.46],[86.965,27.482],[86.947,27.517],[86.971,27.549],[86.955,27.574],[86.956,27.607],[86.988,27.652],[86.992,27.691],[87.014,27.728],[86.983,27.753],[86.992,27.794],[87.012,27.813],[86.985,27.828],[86.994,27.864],[86.972,27.905],[86.99,27.954],[87.04,27.949],[87.108,27.874],[87.113,27.845],[87.167,27.825],[87.227,27.821],[87.262,27.852],[87.319,27.827],[87.361,27.829],[87.373,27.846],[87.422,27.86],[87.431,27.845],[87.406,27.834],[87.453,27.824],[87.487,27.846],[87.541,27.846],[87.565,27.868],[87.586,27.856],[87.592,27.821],[87.613,27.813],[87.637,27.835],[87.667,27.838],[87.666,27.808]]]},"properties":{"type":"gain","year":2018,"areaHa":113,"district":"Sankhuwasabha"}},{"type":"Feature","geometry":{"type":"Polygon","coordinates":[[[86.518,27.957],[86.516,28.001],[86.535,28.05],[86.565,28.068],[86.564,28.106],[86.58,28.113],[86.607,28.101],[86.609,28.078],[86.635,28.073],[86.688,28.109],[86.738,28.105],[86.765,28.078],[86.754,28.066],[86.756,28.039],[86.777,28.038],[86.791,28.021],[86.869,28.027],[86.892,28],[86.927,27.99],[86.937,27.964],[86.989,27.953],[86.972,27.905],[86.994,27.864],[86.985,27.828],[87.012,27.813],[86.992,27.794],[86.983,27.753],[87.014,27.728],[86.992,27.691],[86.988,27.652],[86.956,27.607],[86.955,27.574],[86.971,27.549],[86.946,27.512],[86.965,27.482],[86.933,27.444],[86.877,27.431],[86.822,27.44],[86.753,27.398],[86.684,27.395],[86.683,27.37],[86.657,27.343],[86.582,27.345],[86.535,27.399],[86.46,27.453],[86.441,27.491],[86.425,27.487],[86.403,27.518],[86.359,27.527],[86.378,27.568],[86.438,27.608],[86.46,27.671],[86.495,27.694],[86.539,27.694],[86.575,27.758],[86.57,27.805],[86.544,27.814],[86.562,27.916],[86.518,27.957]]]},"properties":{"type":"gain","year":2018,"areaHa":93,"district":"Solukhumbu"}},{"type":"Feature","geometry":{"type":"Polygon","coordinates":[[[86.359,27.527],[86.403,27.518],[86.425,27.487],[86.441,27.491],[86.46,27.453],[86.535,27.399],[86.576,27.346],[86.65,27.341],[86.682,27.369],[86.687,27.314],[86.671,27.298],[86.674,27.274],[86.638,27.259],[86.623,27.239],[86.561,27.227],[86.52,27.192],[86.43,27.148],[86.42,27.168],[86.345,27.206],[86.341,27.231],[86.267,27.261],[86.227,27.238],[86.205,27.252],[86.243,27.291],[86.219,27.336],[86.24,27.416],[86.268,27.457],[86.359,27.527]]]},"properties":{"type":"gain","year":2018,"areaHa":67,"district":"Okhaldhunga"}},{"type":"Feature","geometry":{"type":"Polygon","coordinates":[[[86.911,27.433],[86.917,27.399],[86.934,27.387],[86.935,27.357],[86.988,27.308],[86.953,27.266],[86.92,27.268],[86.903,27.255],[86.931,27.202],[86.919,27.177],[86.928,27.157],[86.902,27.11],[86.966,27.064],[86.971,27.046],[86.953,27.025],[86.971,27.008],[86.961,26.981],[86.975,26.965],[86.953,26.904],[86.812,26.873],[86.779,26.887],[86.746,27.025],[86.699,27.098],[86.67,27.122],[86.589,27.154],[86.542,27.138],[86.514,27.113],[86.47,27.105],[86.429,27.139],[86.445,27.161],[86.52,27.192],[86.561,27.227],[86.623,27.239],[86.638,27.259],[86.674,27.274],[86.671,27.298],[86.687,27.314],[86.684,27.395],[86.753,27.398],[86.826,27.441],[86.911,27.433]]]},"properties":{"type":"gain","year":2018,"areaHa":88,"district":"Khotang"}},{"type":"Feature","geometry":{"type":"Polygon","coordinates":[[[86.946,27.46],[87.013,27.436],[87.045,27.449],[87.063,27.441],[87.106,27.464],[87.137,27.453],[87.13,27.402],[87.193,27.356],[87.186,27.318],[87.209,27.282],[87.207,27.246],[87.275,27.172],[87.274,27.143],[87.184,27.068],[87.2,26.999],[87.164,26.962],[87.154,26.919],[87.132,26.923],[87.01,26.888],[86.953,26.904],[86.975,26.965],[86.961,26.981],[86.971,27.008],[86.953,27.03],[86.971,27.048],[86.954,27.081],[86.902,27.11],[86.928,27.157],[86.919,27.177],[86.931,27.202],[86.903,27.255],[86.92,27.268],[86.953,27.266],[86.988,27.306],[86.954,27.336],[86.951,27.353],[86.935,27.357],[86.934,27.387],[86.914,27.409],[86.91,27.432],[86.946,27.46]]]},"properties":{"type":"gain","year":2018,"areaHa":77,"district":"Bhojpur"}},{"type":"Feature","geometry":{"type":"Polygon","coordinates":[[[87.407,27.138],[87.4,27.082],[87.445,27.003],[87.44,26.969],[87.496,26.981],[87.528,26.954],[87.531,26.891],[87.562,26.887],[87.591,26.86],[87.504,26.855],[87.488,26.868],[87.454,26.865],[87.435,26.886],[87.373,26.845],[87.326,26.854],[87.311,26.871],[87.26,26.866],[87.24,26.88],[87.212,26.865],[87.168,26.877],[87.15,26.933],[87.2,26.999],[87.182,27.063],[87.274,27.143],[87.269,27.178],[87.288,27.19],[87.317,27.182],[87.361,27.192],[87.407,27.138]]]},"properties":{"type":"gain","year":2018,"areaHa":72,"district":"Dhankuta"}},{"type":"Feature","geometry":{"type":"Polygon","coordinates":[[[87.519,27.297],[87.68,27.27],[87.747,27.22],[87.751,27.205],[87.72,27.187],[87.702,27.147],[87.596,27.102],[87.543,27.049],[87.543,27.019],[87.507,26.984],[87.44,26.969],[87.445,27.003],[87.4,27.082],[87.405,27.154],[87.467,27.198],[87.48,27.251],[87.519,27.297]]]},"properties":{"type":"gain","year":2018,"areaHa":62,"district":"Terhathum"}},{"type":"Feature","geometry":{"type":"Polygon","coordinates":[[[88.073,27.435],[88.051,27.405],[88.046,27.373],[88.067,27.334],[88.036,27.284],[88.016,27.216],[88.02,27.17],[87.993,27.128],[87.995,27.106],[87.921,27.099],[87.783,27.016],[87.739,27.015],[87.689,26.97],[87.684,26.947],[87.698,26.908],[87.688,26.882],[87.665,26.869],[87.589,26.86],[87.562,26.887],[87.532,26.89],[87.528,26.954],[87.495,26.981],[87.543,27.019],[87.54,27.045],[87.596,27.102],[87.702,27.147],[87.72,27.187],[87.751,27.205],[87.683,27.278],[87.698,27.291],[87.781,27.273],[87.844,27.286],[87.948,27.281],[88.004,27.325],[88.042,27.413],[88.073,27.435]]]},"properties":{"type":"gain","year":2018,"areaHa":82,"district":"Panchthar"}},{"type":"Feature","geometry":{"type":"Polygon","coordinates":[[[87.995,27.106],[88.023,27.088],[88.039,27.038],[88.08,27.035],[88.116,26.987],[88.135,26.984],[88.122,26.951],[88.146,26.923],[88.14,26.896],[88.178,26.864],[88.171,26.846],[88.185,26.783],[88.168,26.784],[88.155,26.805],[88.151,26.776],[88.141,26.766],[88.134,26.774],[88.117,26.733],[88.093,26.764],[88.099,26.802],[88.082,26.786],[88.066,26.789],[88.051,26.75],[88.028,26.766],[88.021,26.748],[87.99,26.738],[87.984,26.719],[87.946,26.72],[87.926,26.696],[87.928,26.664],[87.882,26.682],[87.844,26.658],[87.817,26.67],[87.811,26.689],[87.783,26.684],[87.762,26.706],[87.69,26.734],[87.68,26.783],[87.658,26.798],[87.662,26.814],[87.598,26.862],[87.641,26.862],[87.688,26.882],[87.698,26.908],[87.684,26.947],[87.689,26.97],[87.742,27.017],[87.783,27.016],[87.921,27.099],[87.995,27.106]]]},"properties":{"type":"gain","year":2018,"areaHa":124,"district":"Ilam"}},{"type":"Feature","geometry":{"type":"Polygon","coordinates":[[[87.666,27.808],[87.734,27.812],[87.78,27.865],[87.786,27.898],[87.827,27.921],[87.835,27.95],[87.858,27.947],[87.865,27.912],[87.932,27.917],[87.979,27.888],[88.033,27.905],[88.064,27.887],[88.087,27.892],[88.1,27.866],[88.141,27.881],[88.205,27.839],[88.177,27.82],[88.197,27.788],[88.181,27.746],[88.159,27.735],[88.147,27.667],[88.124,27.643],[88.112,27.605],[88.08,27.58],[88.061,27.512],[88.046,27.498],[88.073,27.435],[88.042,27.413],[88.004,27.325],[87.958,27.286],[87.871,27.278],[87.844,27.286],[87.781,27.273],[87.698,27.291],[87.681,27.269],[87.661,27.268],[87.555,27.285],[87.502,27.31],[87.46,27.371],[87.448,27.405],[87.487,27.566],[87.512,27.596],[87.531,27.594],[87.562,27.696],[87.609,27.673],[87.622,27.706],[87.643,27.711],[87.655,27.759],[87.67,27.77],[87.666,27.808]]]},"properties":{"type":"cover","year":2019,"areaHa":148200,"district":"Taplejung"}},{"type":"Feature","geometry":{"type":"Polygon","coordinates":[[[87.666,27.808],[87.67,27.77],[87.655,27.759],[87.643,27.711],[87.622,27.706],[87.609,27.673],[87.562,27.696],[87.531,27.594],[87.512,27.596],[87.487,27.566],[87.448,27.399],[87.519,27.297],[87.48,27.251],[87.467,27.198],[87.41,27.163],[87.407,27.138],[87.361,27.192],[87.264,27.179],[87.212,27.238],[87.2,27.263],[87.211,27.268],[87.203,27.302],[87.186,27.318],[87.194,27.354],[87.13,27.402],[87.137,27.453],[87.106,27.464],[87.063,27.441],[87.045,27.449],[87.013,27.436],[86.946,27.46],[86.965,27.482],[86.947,27.517],[86.971,27.549],[86.955,27.574],[86.956,27.607],[86.988,27.652],[86.992,27.691],[87.014,27.728],[86.983,27.753],[86.992,27.794],[87.012,27.813],[86.985,27.828],[86.994,27.864],[86.972,27.905],[86.99,27.954],[87.04,27.949],[87.108,27.874],[87.113,27.845],[87.167,27.825],[87.227,27.821],[87.262,27.852],[87.319,27.827],[87.361,27.829],[87.373,27.846],[87.422,27.86],[87.431,27.845],[87.406,27.834],[87.453,27.824],[87.487,27.846],[87.541,27.846],[87.565,27.868],[87.586,27.856],[87.592,27.821],[87.613,27.813],[87.637,27.835],[87.667,27.838],[87.666,27.808]]]},"properties":{"type":"cover","year":2019,"areaHa":162400,"district":"Sankhuwasabha"}},{"type":"Feature","geometry":{"type":"Polygon","coordinates":[[[86.518,27.957],[86.516,28.001],[86.535,28.05],[86.565,28.068],[86.564,28.106],[86.58,28.113],[86.607,28.101],[86.609,28.078],[86.635,28.073],[86.688,28.109],[86.738,28.105],[86.765,28.078],[86.754,28.066],[86.756,28.039],[86.777,28.038],[86.791,28.021],[86.869,28.027],[86.892,28],[86.927,27.99],[86.937,27.964],[86.989,27.953],[86.972,27.905],[86.994,27.864],[86.985,27.828],[87.012,27.813],[86.992,27.794],[86.983,27.753],[87.014,27.728],[86.992,27.691],[86.988,27.652],[86.956,27.607],[86.955,27.574],[86.971,27.549],[86.946,27.512],[86.965,27.482],[86.933,27.444],[86.877,27.431],[86.822,27.44],[86.753,27.398],[86.684,27.395],[86.683,27.37],[86.657,27.343],[86.582,27.345],[86.535,27.399],[86.46,27.453],[86.441,27.491],[86.425,27.487],[86.403,27.518],[86.359,27.527],[86.378,27.568],[86.438,27.608],[86.46,27.671],[86.495,27.694],[86.539,27.694],[86.575,27.758],[86.57,27.805],[86.544,27.814],[86.562,27.916],[86.518,27.957]]]},"properties":{"type":"cover","year":2019,"areaHa":136800,"district":"Solukhumbu"}},{"type":"Feature","geometry":{"type":"Polygon","coordinates":[[[86.359,27.527],[86.403,27.518],[86.425,27.487],[86.441,27.491],[86.46,27.453],[86.535,27.399],[86.576,27.346],[86.65,27.341],[86.682,27.369],[86.687,27.314],[86.671,27.298],[86.674,27.274],[86.638,27.259],[86.623,27.239],[86.561,27.227],[86.52,27.192],[86.43,27.148],[86.42,27.168],[86.345,27.206],[86.341,27.231],[86.267,27.261],[86.227,27.238],[86.205,27.252],[86.243,27.291],[86.219,27.336],[86.24,27.416],[86.268,27.457],[86.359,27.527]]]},"properties":{"type":"cover","year":2019,"areaHa":79200,"district":"Okhaldhunga"}},{"type":"Feature","geometry":{"type":"Polygon","coordinates":[[[86.911,27.433],[86.917,27.399],[86.934,27.387],[86.935,27.357],[86.988,27.308],[86.953,27.266],[86.92,27.268],[86.903,27.255],[86.931,27.202],[86.919,27.177],[86.928,27.157],[86.902,27.11],[86.966,27.064],[86.971,27.046],[86.953,27.025],[86.971,27.008],[86.961,26.981],[86.975,26.965],[86.953,26.904],[86.812,26.873],[86.779,26.887],[86.746,27.025],[86.699,27.098],[86.67,27.122],[86.589,27.154],[86.542,27.138],[86.514,27.113],[86.47,27.105],[86.429,27.139],[86.445,27.161],[86.52,27.192],[86.561,27.227],[86.623,27.239],[86.638,27.259],[86.674,27.274],[86.671,27.298],[86.687,27.314],[86.684,27.395],[86.753,27.398],[86.826,27.441],[86.911,27.433]]]},"properties":{"type":"cover","year":2019,"areaHa":104200,"district":"Khotang"}},{"type":"Feature","geometry":{"type":"Polygon","coordinates":[[[86.946,27.46],[87.013,27.436],[87.045,27.449],[87.063,27.441],[87.106,27.464],[87.137,27.453],[87.13,27.402],[87.193,27.356],[87.186,27.318],[87.209,27.282],[87.207,27.246],[87.275,27.172],[87.274,27.143],[87.184,27.068],[87.2,26.999],[87.164,26.962],[87.154,26.919],[87.132,26.923],[87.01,26.888],[86.953,26.904],[86.975,26.965],[86.961,26.981],[86.971,27.008],[86.953,27.03],[86.971,27.048],[86.954,27.081],[86.902,27.11],[86.928,27.157],[86.919,27.177],[86.931,27.202],[86.903,27.255],[86.92,27.268],[86.953,27.266],[86.988,27.306],[86.954,27.336],[86.951,27.353],[86.935,27.357],[86.934,27.387],[86.914,27.409],[86.91,27.432],[86.946,27.46]]]},"properties":{"type":"cover","year":2019,"areaHa":93600,"district":"Bhojpur"}},{"type":"Feature","geometry":{"type":"Polygon","coordinates":[[[87.407,27.138],[87.4,27.082],[87.445,27.003],[87.44,26.969],[87.496,26.981],[87.528,26.954],[87.531,26.891],[87.562,26.887],[87.591,26.86],[87.504,26.855],[87.488,26.868],[87.454,26.865],[87.435,26.886],[87.373,26.845],[87.326,26.854],[87.311,26.871],[87.26,26.866],[87.24,26.88],[87.212,26.865],[87.168,26.877],[87.15,26.933],[87.2,26.999],[87.182,27.063],[87.274,27.143],[87.269,27.178],[87.288,27.19],[87.317,27.182],[87.361,27.192],[87.407,27.138]]]},"properties":{"type":"cover","year":2019,"areaHa":88400,"district":"Dhankuta"}},{"type":"Feature","geometry":{"type":"Polygon","coordinates":[[[87.519,27.297],[87.68,27.27],[87.747,27.22],[87.751,27.205],[87.72,27.187],[87.702,27.147],[87.596,27.102],[87.543,27.049],[87.543,27.019],[87.507,26.984],[87.44,26.969],[87.445,27.003],[87.4,27.082],[87.405,27.154],[87.467,27.198],[87.48,27.251],[87.519,27.297]]]},"properties":{"type":"cover","year":2019,"areaHa":74200,"district":"Terhathum"}},{"type":"Feature","geometry":{"type":"Polygon","coordinates":[[[88.073,27.435],[88.051,27.405],[88.046,27.373],[88.067,27.334],[88.036,27.284],[88.016,27.216],[88.02,27.17],[87.993,27.128],[87.995,27.106],[87.921,27.099],[87.783,27.016],[87.739,27.015],[87.689,26.97],[87.684,26.947],[87.698,26.908],[87.688,26.882],[87.665,26.869],[87.589,26.86],[87.562,26.887],[87.532,26.89],[87.528,26.954],[87.495,26.981],[87.543,27.019],[87.54,27.045],[87.596,27.102],[87.702,27.147],[87.72,27.187],[87.751,27.205],[87.683,27.278],[87.698,27.291],[87.781,27.273],[87.844,27.286],[87.948,27.281],[88.004,27.325],[88.042,27.413],[88.073,27.435]]]},"properties":{"type":"cover","year":2019,"areaHa":102400,"district":"Panchthar"}},{"type":"Feature","geometry":{"type":"Polygon","coordinates":[[[87.995,27.106],[88.023,27.088],[88.039,27.038],[88.08,27.035],[88.116,26.987],[88.135,26.984],[88.122,26.951],[88.146,26.923],[88.14,26.896],[88.178,26.864],[88.171,26.846],[88.185,26.783],[88.168,26.784],[88.155,26.805],[88.151,26.776],[88.141,26.766],[88.134,26.774],[88.117,26.733],[88.093,26.764],[88.099,26.802],[88.082,26.786],[88.066,26.789],[88.051,26.75],[88.028,26.766],[88.021,26.748],[87.99,26.738],[87.984,26.719],[87.946,26.72],[87.926,26.696],[87.928,26.664],[87.882,26.682],[87.844,26.658],[87.817,26.67],[87.811,26.689],[87.783,26.684],[87.762,26.706],[87.69,26.734],[87.68,26.783],[87.658,26.798],[87.662,26.814],[87.598,26.862],[87.641,26.862],[87.688,26.882],[87.698,26.908],[87.684,26.947],[87.689,26.97],[87.742,27.017],[87.783,27.016],[87.921,27.099],[87.995,27.106]]]},"properties":{"type":"cover","year":2019,"areaHa":119800,"district":"Ilam"}},{"type":"Feature","geometry":{"type":"Polygon","coordinates":[[[87.666,27.808],[87.734,27.812],[87.78,27.865],[87.786,27.898],[87.827,27.921],[87.835,27.95],[87.858,27.947],[87.865,27.912],[87.932,27.917],[87.979,27.888],[88.033,27.905],[88.064,27.887],[88.087,27.892],[88.1,27.866],[88.141,27.881],[88.205,27.839],[88.177,27.82],[88.197,27.788],[88.181,27.746],[88.159,27.735],[88.147,27.667],[88.124,27.643],[88.112,27.605],[88.08,27.58],[88.061,27.512],[88.046,27.498],[88.073,27.435],[88.042,27.413],[88.004,27.325],[87.958,27.286],[87.871,27.278],[87.844,27.286],[87.781,27.273],[87.698,27.291],[87.681,27.269],[87.661,27.268],[87.555,27.285],[87.502,27.31],[87.46,27.371],[87.448,27.405],[87.487,27.566],[87.512,27.596],[87.531,27.594],[87.562,27.696],[87.609,27.673],[87.622,27.706],[87.643,27.711],[87.655,27.759],[87.67,27.77],[87.666,27.808]]]},"properties":{"type":"loss","year":2019,"areaHa":346,"district":"Taplejung"}},{"type":"Feature","geometry":{"type":"Polygon","coordinates":[[[87.666,27.808],[87.67,27.77],[87.655,27.759],[87.643,27.711],[87.622,27.706],[87.609,27.673],[87.562,27.696],[87.531,27.594],[87.512,27.596],[87.487,27.566],[87.448,27.399],[87.519,27.297],[87.48,27.251],[87.467,27.198],[87.41,27.163],[87.407,27.138],[87.361,27.192],[87.264,27.179],[87.212,27.238],[87.2,27.263],[87.211,27.268],[87.203,27.302],[87.186,27.318],[87.194,27.354],[87.13,27.402],[87.137,27.453],[87.106,27.464],[87.063,27.441],[87.045,27.449],[87.013,27.436],[86.946,27.46],[86.965,27.482],[86.947,27.517],[86.971,27.549],[86.955,27.574],[86.956,27.607],[86.988,27.652],[86.992,27.691],[87.014,27.728],[86.983,27.753],[86.992,27.794],[87.012,27.813],[86.985,27.828],[86.994,27.864],[86.972,27.905],[86.99,27.954],[87.04,27.949],[87.108,27.874],[87.113,27.845],[87.167,27.825],[87.227,27.821],[87.262,27.852],[87.319,27.827],[87.361,27.829],[87.373,27.846],[87.422,27.86],[87.431,27.845],[87.406,27.834],[87.453,27.824],[87.487,27.846],[87.541,27.846],[87.565,27.868],[87.586,27.856],[87.592,27.821],[87.613,27.813],[87.637,27.835],[87.667,27.838],[87.666,27.808]]]},"properties":{"type":"loss","year":2019,"areaHa":281,"district":"Sankhuwasabha"}},{"type":"Feature","geometry":{"type":"Polygon","coordinates":[[[86.518,27.957],[86.516,28.001],[86.535,28.05],[86.565,28.068],[86.564,28.106],[86.58,28.113],[86.607,28.101],[86.609,28.078],[86.635,28.073],[86.688,28.109],[86.738,28.105],[86.765,28.078],[86.754,28.066],[86.756,28.039],[86.777,28.038],[86.791,28.021],[86.869,28.027],[86.892,28],[86.927,27.99],[86.937,27.964],[86.989,27.953],[86.972,27.905],[86.994,27.864],[86.985,27.828],[87.012,27.813],[86.992,27.794],[86.983,27.753],[87.014,27.728],[86.992,27.691],[86.988,27.652],[86.956,27.607],[86.955,27.574],[86.971,27.549],[86.946,27.512],[86.965,27.482],[86.933,27.444],[86.877,27.431],[86.822,27.44],[86.753,27.398],[86.684,27.395],[86.683,27.37],[86.657,27.343],[86.582,27.345],[86.535,27.399],[86.46,27.453],[86.441,27.491],[86.425,27.487],[86.403,27.518],[86.359,27.527],[86.378,27.568],[86.438,27.608],[86.46,27.671],[86.495,27.694],[86.539,27.694],[86.575,27.758],[86.57,27.805],[86.544,27.814],[86.562,27.916],[86.518,27.957]]]},"properties":{"type":"loss","year":2019,"areaHa":216,"district":"Solukhumbu"}},{"type":"Feature","geometry":{"type":"Polygon","coordinates":[[[86.359,27.527],[86.403,27.518],[86.425,27.487],[86.441,27.491],[86.46,27.453],[86.535,27.399],[86.576,27.346],[86.65,27.341],[86.682,27.369],[86.687,27.314],[86.671,27.298],[86.674,27.274],[86.638,27.259],[86.623,27.239],[86.561,27.227],[86.52,27.192],[86.43,27.148],[86.42,27.168],[86.345,27.206],[86.341,27.231],[86.267,27.261],[86.227,27.238],[86.205,27.252],[86.243,27.291],[86.219,27.336],[86.24,27.416],[86.268,27.457],[86.359,27.527]]]},"properties":{"type":"loss","year":2019,"areaHa":238,"district":"Okhaldhunga"}},{"type":"Feature","geometry":{"type":"Polygon","coordinates":[[[86.911,27.433],[86.917,27.399],[86.934,27.387],[86.935,27.357],[86.988,27.308],[86.953,27.266],[86.92,27.268],[86.903,27.255],[86.931,27.202],[86.919,27.177],[86.928,27.157],[86.902,27.11],[86.966,27.064],[86.971,27.046],[86.953,27.025],[86.971,27.008],[86.961,26.981],[86.975,26.965],[86.953,26.904],[86.812,26.873],[86.779,26.887],[86.746,27.025],[86.699,27.098],[86.67,27.122],[86.589,27.154],[86.542,27.138],[86.514,27.113],[86.47,27.105],[86.429,27.139],[86.445,27.161],[86.52,27.192],[86.561,27.227],[86.623,27.239],[86.638,27.259],[86.674,27.274],[86.671,27.298],[86.687,27.314],[86.684,27.395],[86.753,27.398],[86.826,27.441],[86.911,27.433]]]},"properties":{"type":"loss","year":2019,"areaHa":292,"district":"Khotang"}},{"type":"Feature","geometry":{"type":"Polygon","coordinates":[[[86.946,27.46],[87.013,27.436],[87.045,27.449],[87.063,27.441],[87.106,27.464],[87.137,27.453],[87.13,27.402],[87.193,27.356],[87.186,27.318],[87.209,27.282],[87.207,27.246],[87.275,27.172],[87.274,27.143],[87.184,27.068],[87.2,26.999],[87.164,26.962],[87.154,26.919],[87.132,26.923],[87.01,26.888],[86.953,26.904],[86.975,26.965],[86.961,26.981],[86.971,27.008],[86.953,27.03],[86.971,27.048],[86.954,27.081],[86.902,27.11],[86.928,27.157],[86.919,27.177],[86.931,27.202],[86.903,27.255],[86.92,27.268],[86.953,27.266],[86.988,27.306],[86.954,27.336],[86.951,27.353],[86.935,27.357],[86.934,27.387],[86.914,27.409],[86.91,27.432],[86.946,27.46]]]},"properties":{"type":"loss","year":2019,"areaHa":248,"district":"Bhojpur"}},{"type":"Feature","geometry":{"type":"Polygon","coordinates":[[[87.407,27.138],[87.4,27.082],[87.445,27.003],[87.44,26.969],[87.496,26.981],[87.528,26.954],[87.531,26.891],[87.562,26.887],[87.591,26.86],[87.504,26.855],[87.488,26.868],[87.454,26.865],[87.435,26.886],[87.373,26.845],[87.326,26.854],[87.311,26.871],[87.26,26.866],[87.24,26.88],[87.212,26.865],[87.168,26.877],[87.15,26.933],[87.2,26.999],[87.182,27.063],[87.274,27.143],[87.269,27.178],[87.288,27.19],[87.317,27.182],[87.361,27.192],[87.407,27.138]]]},"properties":{"type":"loss","year":2019,"areaHa":227,"district":"Dhankuta"}},{"type":"Feature","geometry":{"type":"Polygon","coordinates":[[[87.519,27.297],[87.68,27.27],[87.747,27.22],[87.751,27.205],[87.72,27.187],[87.702,27.147],[87.596,27.102],[87.543,27.049],[87.543,27.019],[87.507,26.984],[87.44,26.969],[87.445,27.003],[87.4,27.082],[87.405,27.154],[87.467,27.198],[87.48,27.251],[87.519,27.297]]]},"properties":{"type":"loss","year":2019,"areaHa":194,"district":"Terhathum"}},{"type":"Feature","geometry":{"type":"Polygon","coordinates":[[[88.073,27.435],[88.051,27.405],[88.046,27.373],[88.067,27.334],[88.036,27.284],[88.016,27.216],[88.02,27.17],[87.993,27.128],[87.995,27.106],[87.921,27.099],[87.783,27.016],[87.739,27.015],[87.689,26.97],[87.684,26.947],[87.698,26.908],[87.688,26.882],[87.665,26.869],[87.589,26.86],[87.562,26.887],[87.532,26.89],[87.528,26.954],[87.495,26.981],[87.543,27.019],[87.54,27.045],[87.596,27.102],[87.702,27.147],[87.72,27.187],[87.751,27.205],[87.683,27.278],[87.698,27.291],[87.781,27.273],[87.844,27.286],[87.948,27.281],[88.004,27.325],[88.042,27.413],[88.073,27.435]]]},"properties":{"type":"loss","year":2019,"areaHa":313,"district":"Panchthar"}},{"type":"Feature","geometry":{"type":"Polygon","coordinates":[[[87.995,27.106],[88.023,27.088],[88.039,27.038],[88.08,27.035],[88.116,26.987],[88.135,26.984],[88.122,26.951],[88.146,26.923],[88.14,26.896],[88.178,26.864],[88.171,26.846],[88.185,26.783],[88.168,26.784],[88.155,26.805],[88.151,26.776],[88.141,26.766],[88.134,26.774],[88.117,26.733],[88.093,26.764],[88.099,26.802],[88.082,26.786],[88.066,26.789],[88.051,26.75],[88.028,26.766],[88.021,26.748],[87.99,26.738],[87.984,26.719],[87.946,26.72],[87.926,26.696],[87.928,26.664],[87.882,26.682],[87.844,26.658],[87.817,26.67],[87.811,26.689],[87.783,26.684],[87.762,26.706],[87.69,26.734],[87.68,26.783],[87.658,26.798],[87.662,26.814],[87.598,26.862],[87.641,26.862],[87.688,26.882],[87.698,26.908],[87.684,26.947],[87.689,26.97],[87.742,27.017],[87.783,27.016],[87.921,27.099],[87.995,27.106]]]},"properties":{"type":"loss","year":2019,"areaHa":367,"district":"Ilam"}},{"type":"Feature","geometry":{"type":"Polygon","coordinates":[[[87.666,27.808],[87.734,27.812],[87.78,27.865],[87.786,27.898],[87.827,27.921],[87.835,27.95],[87.858,27.947],[87.865,27.912],[87.932,27.917],[87.979,27.888],[88.033,27.905],[88.064,27.887],[88.087,27.892],[88.1,27.866],[88.141,27.881],[88.205,27.839],[88.177,27.82],[88.197,27.788],[88.181,27.746],[88.159,27.735],[88.147,27.667],[88.124,27.643],[88.112,27.605],[88.08,27.58],[88.061,27.512],[88.046,27.498],[88.073,27.435],[88.042,27.413],[88.004,27.325],[87.958,27.286],[87.871,27.278],[87.844,27.286],[87.781,27.273],[87.698,27.291],[87.681,27.269],[87.661,27.268],[87.555,27.285],[87.502,27.31],[87.46,27.371],[87.448,27.405],[87.487,27.566],[87.512,27.596],[87.531,27.594],[87.562,27.696],[87.609,27.673],[87.622,27.706],[87.643,27.711],[87.655,27.759],[87.67,27.77],[87.666,27.808]]]},"properties":{"type":"gain","year":2019,"areaHa":99,"district":"Taplejung"}},{"type":"Feature","geometry":{"type":"Polygon","coordinates":[[[87.666,27.808],[87.67,27.77],[87.655,27.759],[87.643,27.711],[87.622,27.706],[87.609,27.673],[87.562,27.696],[87.531,27.594],[87.512,27.596],[87.487,27.566],[87.448,27.399],[87.519,27.297],[87.48,27.251],[87.467,27.198],[87.41,27.163],[87.407,27.138],[87.361,27.192],[87.264,27.179],[87.212,27.238],[87.2,27.263],[87.211,27.268],[87.203,27.302],[87.186,27.318],[87.194,27.354],[87.13,27.402],[87.137,27.453],[87.106,27.464],[87.063,27.441],[87.045,27.449],[87.013,27.436],[86.946,27.46],[86.965,27.482],[86.947,27.517],[86.971,27.549],[86.955,27.574],[86.956,27.607],[86.988,27.652],[86.992,27.691],[87.014,27.728],[86.983,27.753],[86.992,27.794],[87.012,27.813],[86.985,27.828],[86.994,27.864],[86.972,27.905],[86.99,27.954],[87.04,27.949],[87.108,27.874],[87.113,27.845],[87.167,27.825],[87.227,27.821],[87.262,27.852],[87.319,27.827],[87.361,27.829],[87.373,27.846],[87.422,27.86],[87.431,27.845],[87.406,27.834],[87.453,27.824],[87.487,27.846],[87.541,27.846],[87.565,27.868],[87.586,27.856],[87.592,27.821],[87.613,27.813],[87.637,27.835],[87.667,27.838],[87.666,27.808]]]},"properties":{"type":"gain","year":2019,"areaHa":114,"district":"Sankhuwasabha"}},{"type":"Feature","geometry":{"type":"Polygon","coordinates":[[[86.518,27.957],[86.516,28.001],[86.535,28.05],[86.565,28.068],[86.564,28.106],[86.58,28.113],[86.607,28.101],[86.609,28.078],[86.635,28.073],[86.688,28.109],[86.738,28.105],[86.765,28.078],[86.754,28.066],[86.756,28.039],[86.777,28.038],[86.791,28.021],[86.869,28.027],[86.892,28],[86.927,27.99],[86.937,27.964],[86.989,27.953],[86.972,27.905],[86.994,27.864],[86.985,27.828],[87.012,27.813],[86.992,27.794],[86.983,27.753],[87.014,27.728],[86.992,27.691],[86.988,27.652],[86.956,27.607],[86.955,27.574],[86.971,27.549],[86.946,27.512],[86.965,27.482],[86.933,27.444],[86.877,27.431],[86.822,27.44],[86.753,27.398],[86.684,27.395],[86.683,27.37],[86.657,27.343],[86.582,27.345],[86.535,27.399],[86.46,27.453],[86.441,27.491],[86.425,27.487],[86.403,27.518],[86.359,27.527],[86.378,27.568],[86.438,27.608],[86.46,27.671],[86.495,27.694],[86.539,27.694],[86.575,27.758],[86.57,27.805],[86.544,27.814],[86.562,27.916],[86.518,27.957]]]},"properties":{"type":"gain","year":2019,"areaHa":94,"district":"Solukhumbu"}},{"type":"Feature","geometry":{"type":"Polygon","coordinates":[[[86.359,27.527],[86.403,27.518],[86.425,27.487],[86.441,27.491],[86.46,27.453],[86.535,27.399],[86.576,27.346],[86.65,27.341],[86.682,27.369],[86.687,27.314],[86.671,27.298],[86.674,27.274],[86.638,27.259],[86.623,27.239],[86.561,27.227],[86.52,27.192],[86.43,27.148],[86.42,27.168],[86.345,27.206],[86.341,27.231],[86.267,27.261],[86.227,27.238],[86.205,27.252],[86.243,27.291],[86.219,27.336],[86.24,27.416],[86.268,27.457],[86.359,27.527]]]},"properties":{"type":"gain","year":2019,"areaHa":68,"district":"Okhaldhunga"}},{"type":"Feature","geometry":{"type":"Polygon","coordinates":[[[86.911,27.433],[86.917,27.399],[86.934,27.387],[86.935,27.357],[86.988,27.308],[86.953,27.266],[86.92,27.268],[86.903,27.255],[86.931,27.202],[86.919,27.177],[86.928,27.157],[86.902,27.11],[86.966,27.064],[86.971,27.046],[86.953,27.025],[86.971,27.008],[86.961,26.981],[86.975,26.965],[86.953,26.904],[86.812,26.873],[86.779,26.887],[86.746,27.025],[86.699,27.098],[86.67,27.122],[86.589,27.154],[86.542,27.138],[86.514,27.113],[86.47,27.105],[86.429,27.139],[86.445,27.161],[86.52,27.192],[86.561,27.227],[86.623,27.239],[86.638,27.259],[86.674,27.274],[86.671,27.298],[86.687,27.314],[86.684,27.395],[86.753,27.398],[86.826,27.441],[86.911,27.433]]]},"properties":{"type":"gain","year":2019,"areaHa":88,"district":"Khotang"}},{"type":"Feature","geometry":{"type":"Polygon","coordinates":[[[86.946,27.46],[87.013,27.436],[87.045,27.449],[87.063,27.441],[87.106,27.464],[87.137,27.453],[87.13,27.402],[87.193,27.356],[87.186,27.318],[87.209,27.282],[87.207,27.246],[87.275,27.172],[87.274,27.143],[87.184,27.068],[87.2,26.999],[87.164,26.962],[87.154,26.919],[87.132,26.923],[87.01,26.888],[86.953,26.904],[86.975,26.965],[86.961,26.981],[86.971,27.008],[86.953,27.03],[86.971,27.048],[86.954,27.081],[86.902,27.11],[86.928,27.157],[86.919,27.177],[86.931,27.202],[86.903,27.255],[86.92,27.268],[86.953,27.266],[86.988,27.306],[86.954,27.336],[86.951,27.353],[86.935,27.357],[86.934,27.387],[86.914,27.409],[86.91,27.432],[86.946,27.46]]]},"properties":{"type":"gain","year":2019,"areaHa":78,"district":"Bhojpur"}},{"type":"Feature","geometry":{"type":"Polygon","coordinates":[[[87.407,27.138],[87.4,27.082],[87.445,27.003],[87.44,26.969],[87.496,26.981],[87.528,26.954],[87.531,26.891],[87.562,26.887],[87.591,26.86],[87.504,26.855],[87.488,26.868],[87.454,26.865],[87.435,26.886],[87.373,26.845],[87.326,26.854],[87.311,26.871],[87.26,26.866],[87.24,26.88],[87.212,26.865],[87.168,26.877],[87.15,26.933],[87.2,26.999],[87.182,27.063],[87.274,27.143],[87.269,27.178],[87.288,27.19],[87.317,27.182],[87.361,27.192],[87.407,27.138]]]},"properties":{"type":"gain","year":2019,"areaHa":73,"district":"Dhankuta"}},{"type":"Feature","geometry":{"type":"Polygon","coordinates":[[[87.519,27.297],[87.68,27.27],[87.747,27.22],[87.751,27.205],[87.72,27.187],[87.702,27.147],[87.596,27.102],[87.543,27.049],[87.543,27.019],[87.507,26.984],[87.44,26.969],[87.445,27.003],[87.4,27.082],[87.405,27.154],[87.467,27.198],[87.48,27.251],[87.519,27.297]]]},"properties":{"type":"gain","year":2019,"areaHa":62,"district":"Terhathum"}},{"type":"Feature","geometry":{"type":"Polygon","coordinates":[[[88.073,27.435],[88.051,27.405],[88.046,27.373],[88.067,27.334],[88.036,27.284],[88.016,27.216],[88.02,27.17],[87.993,27.128],[87.995,27.106],[87.921,27.099],[87.783,27.016],[87.739,27.015],[87.689,26.97],[87.684,26.947],[87.698,26.908],[87.688,26.882],[87.665,26.869],[87.589,26.86],[87.562,26.887],[87.532,26.89],[87.528,26.954],[87.495,26.981],[87.543,27.019],[87.54,27.045],[87.596,27.102],[87.702,27.147],[87.72,27.187],[87.751,27.205],[87.683,27.278],[87.698,27.291],[87.781,27.273],[87.844,27.286],[87.948,27.281],[88.004,27.325],[88.042,27.413],[88.073,27.435]]]},"properties":{"type":"gain","year":2019,"areaHa":83,"district":"Panchthar"}},{"type":"Feature","geometry":{"type":"Polygon","coordinates":[[[87.995,27.106],[88.023,27.088],[88.039,27.038],[88.08,27.035],[88.116,26.987],[88.135,26.984],[88.122,26.951],[88.146,26.923],[88.14,26.896],[88.178,26.864],[88.171,26.846],[88.185,26.783],[88.168,26.784],[88.155,26.805],[88.151,26.776],[88.141,26.766],[88.134,26.774],[88.117,26.733],[88.093,26.764],[88.099,26.802],[88.082,26.786],[88.066,26.789],[88.051,26.75],[88.028,26.766],[88.021,26.748],[87.99,26.738],[87.984,26.719],[87.946,26.72],[87.926,26.696],[87.928,26.664],[87.882,26.682],[87.844,26.658],[87.817,26.67],[87.811,26.689],[87.783,26.684],[87.762,26.706],[87.69,26.734],[87.68,26.783],[87.658,26.798],[87.662,26.814],[87.598,26.862],[87.641,26.862],[87.688,26.882],[87.698,26.908],[87.684,26.947],[87.689,26.97],[87.742,27.017],[87.783,27.016],[87.921,27.099],[87.995,27.106]]]},"properties":{"type":"gain","year":2019,"areaHa":125,"district":"Ilam"}},{"type":"Feature","geometry":{"type":"Polygon","coordinates":[[[87.666,27.808],[87.734,27.812],[87.78,27.865],[87.786,27.898],[87.827,27.921],[87.835,27.95],[87.858,27.947],[87.865,27.912],[87.932,27.917],[87.979,27.888],[88.033,27.905],[88.064,27.887],[88.087,27.892],[88.1,27.866],[88.141,27.881],[88.205,27.839],[88.177,27.82],[88.197,27.788],[88.181,27.746],[88.159,27.735],[88.147,27.667],[88.124,27.643],[88.112,27.605],[88.08,27.58],[88.061,27.512],[88.046,27.498],[88.073,27.435],[88.042,27.413],[88.004,27.325],[87.958,27.286],[87.871,27.278],[87.844,27.286],[87.781,27.273],[87.698,27.291],[87.681,27.269],[87.661,27.268],[87.555,27.285],[87.502,27.31],[87.46,27.371],[87.448,27.405],[87.487,27.566],[87.512,27.596],[87.531,27.594],[87.562,27.696],[87.609,27.673],[87.622,27.706],[87.643,27.711],[87.655,27.759],[87.67,27.77],[87.666,27.808]]]},"properties":{"type":"cover","year":2020,"areaHa":148200,"district":"Taplejung"}},{"type":"Feature","geometry":{"type":"Polygon","coordinates":[[[87.666,27.808],[87.67,27.77],[87.655,27.759],[87.643,27.711],[87.622,27.706],[87.609,27.673],[87.562,27.696],[87.531,27.594],[87.512,27.596],[87.487,27.566],[87.448,27.399],[87.519,27.297],[87.48,27.251],[87.467,27.198],[87.41,27.163],[87.407,27.138],[87.361,27.192],[87.264,27.179],[87.212,27.238],[87.2,27.263],[87.211,27.268],[87.203,27.302],[87.186,27.318],[87.194,27.354],[87.13,27.402],[87.137,27.453],[87.106,27.464],[87.063,27.441],[87.045,27.449],[87.013,27.436],[86.946,27.46],[86.965,27.482],[86.947,27.517],[86.971,27.549],[86.955,27.574],[86.956,27.607],[86.988,27.652],[86.992,27.691],[87.014,27.728],[86.983,27.753],[86.992,27.794],[87.012,27.813],[86.985,27.828],[86.994,27.864],[86.972,27.905],[86.99,27.954],[87.04,27.949],[87.108,27.874],[87.113,27.845],[87.167,27.825],[87.227,27.821],[87.262,27.852],[87.319,27.827],[87.361,27.829],[87.373,27.846],[87.422,27.86],[87.431,27.845],[87.406,27.834],[87.453,27.824],[87.487,27.846],[87.541,27.846],[87.565,27.868],[87.586,27.856],[87.592,27.821],[87.613,27.813],[87.637,27.835],[87.667,27.838],[87.666,27.808]]]},"properties":{"type":"cover","year":2020,"areaHa":162400,"district":"Sankhuwasabha"}},{"type":"Feature","geometry":{"type":"Polygon","coordinates":[[[86.518,27.957],[86.516,28.001],[86.535,28.05],[86.565,28.068],[86.564,28.106],[86.58,28.113],[86.607,28.101],[86.609,28.078],[86.635,28.073],[86.688,28.109],[86.738,28.105],[86.765,28.078],[86.754,28.066],[86.756,28.039],[86.777,28.038],[86.791,28.021],[86.869,28.027],[86.892,28],[86.927,27.99],[86.937,27.964],[86.989,27.953],[86.972,27.905],[86.994,27.864],[86.985,27.828],[87.012,27.813],[86.992,27.794],[86.983,27.753],[87.014,27.728],[86.992,27.691],[86.988,27.652],[86.956,27.607],[86.955,27.574],[86.971,27.549],[86.946,27.512],[86.965,27.482],[86.933,27.444],[86.877,27.431],[86.822,27.44],[86.753,27.398],[86.684,27.395],[86.683,27.37],[86.657,27.343],[86.582,27.345],[86.535,27.399],[86.46,27.453],[86.441,27.491],[86.425,27.487],[86.403,27.518],[86.359,27.527],[86.378,27.568],[86.438,27.608],[86.46,27.671],[86.495,27.694],[86.539,27.694],[86.575,27.758],[86.57,27.805],[86.544,27.814],[86.562,27.916],[86.518,27.957]]]},"properties":{"type":"cover","year":2020,"areaHa":136800,"district":"Solukhumbu"}},{"type":"Feature","geometry":{"type":"Polygon","coordinates":[[[86.359,27.527],[86.403,27.518],[86.425,27.487],[86.441,27.491],[86.46,27.453],[86.535,27.399],[86.576,27.346],[86.65,27.341],[86.682,27.369],[86.687,27.314],[86.671,27.298],[86.674,27.274],[86.638,27.259],[86.623,27.239],[86.561,27.227],[86.52,27.192],[86.43,27.148],[86.42,27.168],[86.345,27.206],[86.341,27.231],[86.267,27.261],[86.227,27.238],[86.205,27.252],[86.243,27.291],[86.219,27.336],[86.24,27.416],[86.268,27.457],[86.359,27.527]]]},"properties":{"type":"cover","year":2020,"areaHa":79200,"district":"Okhaldhunga"}},{"type":"Feature","geometry":{"type":"Polygon","coordinates":[[[86.911,27.433],[86.917,27.399],[86.934,27.387],[86.935,27.357],[86.988,27.308],[86.953,27.266],[86.92,27.268],[86.903,27.255],[86.931,27.202],[86.919,27.177],[86.928,27.157],[86.902,27.11],[86.966,27.064],[86.971,27.046],[86.953,27.025],[86.971,27.008],[86.961,26.981],[86.975,26.965],[86.953,26.904],[86.812,26.873],[86.779,26.887],[86.746,27.025],[86.699,27.098],[86.67,27.122],[86.589,27.154],[86.542,27.138],[86.514,27.113],[86.47,27.105],[86.429,27.139],[86.445,27.161],[86.52,27.192],[86.561,27.227],[86.623,27.239],[86.638,27.259],[86.674,27.274],[86.671,27.298],[86.687,27.314],[86.684,27.395],[86.753,27.398],[86.826,27.441],[86.911,27.433]]]},"properties":{"type":"cover","year":2020,"areaHa":104200,"district":"Khotang"}},{"type":"Feature","geometry":{"type":"Polygon","coordinates":[[[86.946,27.46],[87.013,27.436],[87.045,27.449],[87.063,27.441],[87.106,27.464],[87.137,27.453],[87.13,27.402],[87.193,27.356],[87.186,27.318],[87.209,27.282],[87.207,27.246],[87.275,27.172],[87.274,27.143],[87.184,27.068],[87.2,26.999],[87.164,26.962],[87.154,26.919],[87.132,26.923],[87.01,26.888],[86.953,26.904],[86.975,26.965],[86.961,26.981],[86.971,27.008],[86.953,27.03],[86.971,27.048],[86.954,27.081],[86.902,27.11],[86.928,27.157],[86.919,27.177],[86.931,27.202],[86.903,27.255],[86.92,27.268],[86.953,27.266],[86.988,27.306],[86.954,27.336],[86.951,27.353],[86.935,27.357],[86.934,27.387],[86.914,27.409],[86.91,27.432],[86.946,27.46]]]},"properties":{"type":"cover","year":2020,"areaHa":93600,"district":"Bhojpur"}},{"type":"Feature","geometry":{"type":"Polygon","coordinates":[[[87.407,27.138],[87.4,27.082],[87.445,27.003],[87.44,26.969],[87.496,26.981],[87.528,26.954],[87.531,26.891],[87.562,26.887],[87.591,26.86],[87.504,26.855],[87.488,26.868],[87.454,26.865],[87.435,26.886],[87.373,26.845],[87.326,26.854],[87.311,26.871],[87.26,26.866],[87.24,26.88],[87.212,26.865],[87.168,26.877],[87.15,26.933],[87.2,26.999],[87.182,27.063],[87.274,27.143],[87.269,27.178],[87.288,27.19],[87.317,27.182],[87.361,27.192],[87.407,27.138]]]},"properties":{"type":"cover","year":2020,"areaHa":88400,"district":"Dhankuta"}},{"type":"Feature","geometry":{"type":"Polygon","coordinates":[[[87.519,27.297],[87.68,27.27],[87.747,27.22],[87.751,27.205],[87.72,27.187],[87.702,27.147],[87.596,27.102],[87.543,27.049],[87.543,27.019],[87.507,26.984],[87.44,26.969],[87.445,27.003],[87.4,27.082],[87.405,27.154],[87.467,27.198],[87.48,27.251],[87.519,27.297]]]},"properties":{"type":"cover","year":2020,"areaHa":74200,"district":"Terhathum"}},{"type":"Feature","geometry":{"type":"Polygon","coordinates":[[[88.073,27.435],[88.051,27.405],[88.046,27.373],[88.067,27.334],[88.036,27.284],[88.016,27.216],[88.02,27.17],[87.993,27.128],[87.995,27.106],[87.921,27.099],[87.783,27.016],[87.739,27.015],[87.689,26.97],[87.684,26.947],[87.698,26.908],[87.688,26.882],[87.665,26.869],[87.589,26.86],[87.562,26.887],[87.532,26.89],[87.528,26.954],[87.495,26.981],[87.543,27.019],[87.54,27.045],[87.596,27.102],[87.702,27.147],[87.72,27.187],[87.751,27.205],[87.683,27.278],[87.698,27.291],[87.781,27.273],[87.844,27.286],[87.948,27.281],[88.004,27.325],[88.042,27.413],[88.073,27.435]]]},"properties":{"type":"cover","year":2020,"areaHa":102400,"district":"Panchthar"}},{"type":"Feature","geometry":{"type":"Polygon","coordinates":[[[87.995,27.106],[88.023,27.088],[88.039,27.038],[88.08,27.035],[88.116,26.987],[88.135,26.984],[88.122,26.951],[88.146,26.923],[88.14,26.896],[88.178,26.864],[88.171,26.846],[88.185,26.783],[88.168,26.784],[88.155,26.805],[88.151,26.776],[88.141,26.766],[88.134,26.774],[88.117,26.733],[88.093,26.764],[88.099,26.802],[88.082,26.786],[88.066,26.789],[88.051,26.75],[88.028,26.766],[88.021,26.748],[87.99,26.738],[87.984,26.719],[87.946,26.72],[87.926,26.696],[87.928,26.664],[87.882,26.682],[87.844,26.658],[87.817,26.67],[87.811,26.689],[87.783,26.684],[87.762,26.706],[87.69,26.734],[87.68,26.783],[87.658,26.798],[87.662,26.814],[87.598,26.862],[87.641,26.862],[87.688,26.882],[87.698,26.908],[87.684,26.947],[87.689,26.97],[87.742,27.017],[87.783,27.016],[87.921,27.099],[87.995,27.106]]]},"properties":{"type":"cover","year":2020,"areaHa":119800,"district":"Ilam"}},{"type":"Feature","geometry":{"type":"Polygon","coordinates":[[[87.666,27.808],[87.734,27.812],[87.78,27.865],[87.786,27.898],[87.827,27.921],[87.835,27.95],[87.858,27.947],[87.865,27.912],[87.932,27.917],[87.979,27.888],[88.033,27.905],[88.064,27.887],[88.087,27.892],[88.1,27.866],[88.141,27.881],[88.205,27.839],[88.177,27.82],[88.197,27.788],[88.181,27.746],[88.159,27.735],[88.147,27.667],[88.124,27.643],[88.112,27.605],[88.08,27.58],[88.061,27.512],[88.046,27.498],[88.073,27.435],[88.042,27.413],[88.004,27.325],[87.958,27.286],[87.871,27.278],[87.844,27.286],[87.781,27.273],[87.698,27.291],[87.681,27.269],[87.661,27.268],[87.555,27.285],[87.502,27.31],[87.46,27.371],[87.448,27.405],[87.487,27.566],[87.512,27.596],[87.531,27.594],[87.562,27.696],[87.609,27.673],[87.622,27.706],[87.643,27.711],[87.655,27.759],[87.67,27.77],[87.666,27.808]]]},"properties":{"type":"loss","year":2020,"areaHa":352,"district":"Taplejung"}},{"type":"Feature","geometry":{"type":"Polygon","coordinates":[[[87.666,27.808],[87.67,27.77],[87.655,27.759],[87.643,27.711],[87.622,27.706],[87.609,27.673],[87.562,27.696],[87.531,27.594],[87.512,27.596],[87.487,27.566],[87.448,27.399],[87.519,27.297],[87.48,27.251],[87.467,27.198],[87.41,27.163],[87.407,27.138],[87.361,27.192],[87.264,27.179],[87.212,27.238],[87.2,27.263],[87.211,27.268],[87.203,27.302],[87.186,27.318],[87.194,27.354],[87.13,27.402],[87.137,27.453],[87.106,27.464],[87.063,27.441],[87.045,27.449],[87.013,27.436],[86.946,27.46],[86.965,27.482],[86.947,27.517],[86.971,27.549],[86.955,27.574],[86.956,27.607],[86.988,27.652],[86.992,27.691],[87.014,27.728],[86.983,27.753],[86.992,27.794],[87.012,27.813],[86.985,27.828],[86.994,27.864],[86.972,27.905],[86.99,27.954],[87.04,27.949],[87.108,27.874],[87.113,27.845],[87.167,27.825],[87.227,27.821],[87.262,27.852],[87.319,27.827],[87.361,27.829],[87.373,27.846],[87.422,27.86],[87.431,27.845],[87.406,27.834],[87.453,27.824],[87.487,27.846],[87.541,27.846],[87.565,27.868],[87.586,27.856],[87.592,27.821],[87.613,27.813],[87.637,27.835],[87.667,27.838],[87.666,27.808]]]},"properties":{"type":"loss","year":2020,"areaHa":286,"district":"Sankhuwasabha"}},{"type":"Feature","geometry":{"type":"Polygon","coordinates":[[[86.518,27.957],[86.516,28.001],[86.535,28.05],[86.565,28.068],[86.564,28.106],[86.58,28.113],[86.607,28.101],[86.609,28.078],[86.635,28.073],[86.688,28.109],[86.738,28.105],[86.765,28.078],[86.754,28.066],[86.756,28.039],[86.777,28.038],[86.791,28.021],[86.869,28.027],[86.892,28],[86.927,27.99],[86.937,27.964],[86.989,27.953],[86.972,27.905],[86.994,27.864],[86.985,27.828],[87.012,27.813],[86.992,27.794],[86.983,27.753],[87.014,27.728],[86.992,27.691],[86.988,27.652],[86.956,27.607],[86.955,27.574],[86.971,27.549],[86.946,27.512],[86.965,27.482],[86.933,27.444],[86.877,27.431],[86.822,27.44],[86.753,27.398],[86.684,27.395],[86.683,27.37],[86.657,27.343],[86.582,27.345],[86.535,27.399],[86.46,27.453],[86.441,27.491],[86.425,27.487],[86.403,27.518],[86.359,27.527],[86.378,27.568],[86.438,27.608],[86.46,27.671],[86.495,27.694],[86.539,27.694],[86.575,27.758],[86.57,27.805],[86.544,27.814],[86.562,27.916],[86.518,27.957]]]},"properties":{"type":"loss","year":2020,"areaHa":220,"district":"Solukhumbu"}},{"type":"Feature","geometry":{"type":"Polygon","coordinates":[[[86.359,27.527],[86.403,27.518],[86.425,27.487],[86.441,27.491],[86.46,27.453],[86.535,27.399],[86.576,27.346],[86.65,27.341],[86.682,27.369],[86.687,27.314],[86.671,27.298],[86.674,27.274],[86.638,27.259],[86.623,27.239],[86.561,27.227],[86.52,27.192],[86.43,27.148],[86.42,27.168],[86.345,27.206],[86.341,27.231],[86.267,27.261],[86.227,27.238],[86.205,27.252],[86.243,27.291],[86.219,27.336],[86.24,27.416],[86.268,27.457],[86.359,27.527]]]},"properties":{"type":"loss","year":2020,"areaHa":242,"district":"Okhaldhunga"}},{"type":"Feature","geometry":{"type":"Polygon","coordinates":[[[86.911,27.433],[86.917,27.399],[86.934,27.387],[86.935,27.357],[86.988,27.308],[86.953,27.266],[86.92,27.268],[86.903,27.255],[86.931,27.202],[86.919,27.177],[86.928,27.157],[86.902,27.11],[86.966,27.064],[86.971,27.046],[86.953,27.025],[86.971,27.008],[86.961,26.981],[86.975,26.965],[86.953,26.904],[86.812,26.873],[86.779,26.887],[86.746,27.025],[86.699,27.098],[86.67,27.122],[86.589,27.154],[86.542,27.138],[86.514,27.113],[86.47,27.105],[86.429,27.139],[86.445,27.161],[86.52,27.192],[86.561,27.227],[86.623,27.239],[86.638,27.259],[86.674,27.274],[86.671,27.298],[86.687,27.314],[86.684,27.395],[86.753,27.398],[86.826,27.441],[86.911,27.433]]]},"properties":{"type":"loss","year":2020,"areaHa":297,"district":"Khotang"}},{"type":"Feature","geometry":{"type":"Polygon","coordinates":[[[86.946,27.46],[87.013,27.436],[87.045,27.449],[87.063,27.441],[87.106,27.464],[87.137,27.453],[87.13,27.402],[87.193,27.356],[87.186,27.318],[87.209,27.282],[87.207,27.246],[87.275,27.172],[87.274,27.143],[87.184,27.068],[87.2,26.999],[87.164,26.962],[87.154,26.919],[87.132,26.923],[87.01,26.888],[86.953,26.904],[86.975,26.965],[86.961,26.981],[86.971,27.008],[86.953,27.03],[86.971,27.048],[86.954,27.081],[86.902,27.11],[86.928,27.157],[86.919,27.177],[86.931,27.202],[86.903,27.255],[86.92,27.268],[86.953,27.266],[86.988,27.306],[86.954,27.336],[86.951,27.353],[86.935,27.357],[86.934,27.387],[86.914,27.409],[86.91,27.432],[86.946,27.46]]]},"properties":{"type":"loss","year":2020,"areaHa":253,"district":"Bhojpur"}},{"type":"Feature","geometry":{"type":"Polygon","coordinates":[[[87.407,27.138],[87.4,27.082],[87.445,27.003],[87.44,26.969],[87.496,26.981],[87.528,26.954],[87.531,26.891],[87.562,26.887],[87.591,26.86],[87.504,26.855],[87.488,26.868],[87.454,26.865],[87.435,26.886],[87.373,26.845],[87.326,26.854],[87.311,26.871],[87.26,26.866],[87.24,26.88],[87.212,26.865],[87.168,26.877],[87.15,26.933],[87.2,26.999],[87.182,27.063],[87.274,27.143],[87.269,27.178],[87.288,27.19],[87.317,27.182],[87.361,27.192],[87.407,27.138]]]},"properties":{"type":"loss","year":2020,"areaHa":231,"district":"Dhankuta"}},{"type":"Feature","geometry":{"type":"Polygon","coordinates":[[[87.519,27.297],[87.68,27.27],[87.747,27.22],[87.751,27.205],[87.72,27.187],[87.702,27.147],[87.596,27.102],[87.543,27.049],[87.543,27.019],[87.507,26.984],[87.44,26.969],[87.445,27.003],[87.4,27.082],[87.405,27.154],[87.467,27.198],[87.48,27.251],[87.519,27.297]]]},"properties":{"type":"loss","year":2020,"areaHa":198,"district":"Terhathum"}},{"type":"Feature","geometry":{"type":"Polygon","coordinates":[[[88.073,27.435],[88.051,27.405],[88.046,27.373],[88.067,27.334],[88.036,27.284],[88.016,27.216],[88.02,27.17],[87.993,27.128],[87.995,27.106],[87.921,27.099],[87.783,27.016],[87.739,27.015],[87.689,26.97],[87.684,26.947],[87.698,26.908],[87.688,26.882],[87.665,26.869],[87.589,26.86],[87.562,26.887],[87.532,26.89],[87.528,26.954],[87.495,26.981],[87.543,27.019],[87.54,27.045],[87.596,27.102],[87.702,27.147],[87.72,27.187],[87.751,27.205],[87.683,27.278],[87.698,27.291],[87.781,27.273],[87.844,27.286],[87.948,27.281],[88.004,27.325],[88.042,27.413],[88.073,27.435]]]},"properties":{"type":"loss","year":2020,"areaHa":319,"district":"Panchthar"}},{"type":"Feature","geometry":{"type":"Polygon","coordinates":[[[87.995,27.106],[88.023,27.088],[88.039,27.038],[88.08,27.035],[88.116,26.987],[88.135,26.984],[88.122,26.951],[88.146,26.923],[88.14,26.896],[88.178,26.864],[88.171,26.846],[88.185,26.783],[88.168,26.784],[88.155,26.805],[88.151,26.776],[88.141,26.766],[88.134,26.774],[88.117,26.733],[88.093,26.764],[88.099,26.802],[88.082,26.786],[88.066,26.789],[88.051,26.75],[88.028,26.766],[88.021,26.748],[87.99,26.738],[87.984,26.719],[87.946,26.72],[87.926,26.696],[87.928,26.664],[87.882,26.682],[87.844,26.658],[87.817,26.67],[87.811,26.689],[87.783,26.684],[87.762,26.706],[87.69,26.734],[87.68,26.783],[87.658,26.798],[87.662,26.814],[87.598,26.862],[87.641,26.862],[87.688,26.882],[87.698,26.908],[87.684,26.947],[87.689,26.97],[87.742,27.017],[87.783,27.016],[87.921,27.099],[87.995,27.106]]]},"properties":{"type":"loss","year":2020,"areaHa":374,"district":"Ilam"}},{"type":"Feature","geometry":{"type":"Polygon","coordinates":[[[87.666,27.808],[87.734,27.812],[87.78,27.865],[87.786,27.898],[87.827,27.921],[87.835,27.95],[87.858,27.947],[87.865,27.912],[87.932,27.917],[87.979,27.888],[88.033,27.905],[88.064,27.887],[88.087,27.892],[88.1,27.866],[88.141,27.881],[88.205,27.839],[88.177,27.82],[88.197,27.788],[88.181,27.746],[88.159,27.735],[88.147,27.667],[88.124,27.643],[88.112,27.605],[88.08,27.58],[88.061,27.512],[88.046,27.498],[88.073,27.435],[88.042,27.413],[88.004,27.325],[87.958,27.286],[87.871,27.278],[87.844,27.286],[87.781,27.273],[87.698,27.291],[87.681,27.269],[87.661,27.268],[87.555,27.285],[87.502,27.31],[87.46,27.371],[87.448,27.405],[87.487,27.566],[87.512,27.596],[87.531,27.594],[87.562,27.696],[87.609,27.673],[87.622,27.706],[87.643,27.711],[87.655,27.759],[87.67,27.77],[87.666,27.808]]]},"properties":{"type":"gain","year":2020,"areaHa":100,"district":"Taplejung"}},{"type":"Feature","geometry":{"type":"Polygon","coordinates":[[[87.666,27.808],[87.67,27.77],[87.655,27.759],[87.643,27.711],[87.622,27.706],[87.609,27.673],[87.562,27.696],[87.531,27.594],[87.512,27.596],[87.487,27.566],[87.448,27.399],[87.519,27.297],[87.48,27.251],[87.467,27.198],[87.41,27.163],[87.407,27.138],[87.361,27.192],[87.264,27.179],[87.212,27.238],[87.2,27.263],[87.211,27.268],[87.203,27.302],[87.186,27.318],[87.194,27.354],[87.13,27.402],[87.137,27.453],[87.106,27.464],[87.063,27.441],[87.045,27.449],[87.013,27.436],[86.946,27.46],[86.965,27.482],[86.947,27.517],[86.971,27.549],[86.955,27.574],[86.956,27.607],[86.988,27.652],[86.992,27.691],[87.014,27.728],[86.983,27.753],[86.992,27.794],[87.012,27.813],[86.985,27.828],[86.994,27.864],[86.972,27.905],[86.99,27.954],[87.04,27.949],[87.108,27.874],[87.113,27.845],[87.167,27.825],[87.227,27.821],[87.262,27.852],[87.319,27.827],[87.361,27.829],[87.373,27.846],[87.422,27.86],[87.431,27.845],[87.406,27.834],[87.453,27.824],[87.487,27.846],[87.541,27.846],[87.565,27.868],[87.586,27.856],[87.592,27.821],[87.613,27.813],[87.637,27.835],[87.667,27.838],[87.666,27.808]]]},"properties":{"type":"gain","year":2020,"areaHa":116,"district":"Sankhuwasabha"}},{"type":"Feature","geometry":{"type":"Polygon","coordinates":[[[86.518,27.957],[86.516,28.001],[86.535,28.05],[86.565,28.068],[86.564,28.106],[86.58,28.113],[86.607,28.101],[86.609,28.078],[86.635,28.073],[86.688,28.109],[86.738,28.105],[86.765,28.078],[86.754,28.066],[86.756,28.039],[86.777,28.038],[86.791,28.021],[86.869,28.027],[86.892,28],[86.927,27.99],[86.937,27.964],[86.989,27.953],[86.972,27.905],[86.994,27.864],[86.985,27.828],[87.012,27.813],[86.992,27.794],[86.983,27.753],[87.014,27.728],[86.992,27.691],[86.988,27.652],[86.956,27.607],[86.955,27.574],[86.971,27.549],[86.946,27.512],[86.965,27.482],[86.933,27.444],[86.877,27.431],[86.822,27.44],[86.753,27.398],[86.684,27.395],[86.683,27.37],[86.657,27.343],[86.582,27.345],[86.535,27.399],[86.46,27.453],[86.441,27.491],[86.425,27.487],[86.403,27.518],[86.359,27.527],[86.378,27.568],[86.438,27.608],[86.46,27.671],[86.495,27.694],[86.539,27.694],[86.575,27.758],[86.57,27.805],[86.544,27.814],[86.562,27.916],[86.518,27.957]]]},"properties":{"type":"gain","year":2020,"areaHa":95,"district":"Solukhumbu"}},{"type":"Feature","geometry":{"type":"Polygon","coordinates":[[[86.359,27.527],[86.403,27.518],[86.425,27.487],[86.441,27.491],[86.46,27.453],[86.535,27.399],[86.576,27.346],[86.65,27.341],[86.682,27.369],[86.687,27.314],[86.671,27.298],[86.674,27.274],[86.638,27.259],[86.623,27.239],[86.561,27.227],[86.52,27.192],[86.43,27.148],[86.42,27.168],[86.345,27.206],[86.341,27.231],[86.267,27.261],[86.227,27.238],[86.205,27.252],[86.243,27.291],[86.219,27.336],[86.24,27.416],[86.268,27.457],[86.359,27.527]]]},"properties":{"type":"gain","year":2020,"areaHa":68,"district":"Okhaldhunga"}},{"type":"Feature","geometry":{"type":"Polygon","coordinates":[[[86.911,27.433],[86.917,27.399],[86.934,27.387],[86.935,27.357],[86.988,27.308],[86.953,27.266],[86.92,27.268],[86.903,27.255],[86.931,27.202],[86.919,27.177],[86.928,27.157],[86.902,27.11],[86.966,27.064],[86.971,27.046],[86.953,27.025],[86.971,27.008],[86.961,26.981],[86.975,26.965],[86.953,26.904],[86.812,26.873],[86.779,26.887],[86.746,27.025],[86.699,27.098],[86.67,27.122],[86.589,27.154],[86.542,27.138],[86.514,27.113],[86.47,27.105],[86.429,27.139],[86.445,27.161],[86.52,27.192],[86.561,27.227],[86.623,27.239],[86.638,27.259],[86.674,27.274],[86.671,27.298],[86.687,27.314],[86.684,27.395],[86.753,27.398],[86.826,27.441],[86.911,27.433]]]},"properties":{"type":"gain","year":2020,"areaHa":89,"district":"Khotang"}},{"type":"Feature","geometry":{"type":"Polygon","coordinates":[[[86.946,27.46],[87.013,27.436],[87.045,27.449],[87.063,27.441],[87.106,27.464],[87.137,27.453],[87.13,27.402],[87.193,27.356],[87.186,27.318],[87.209,27.282],[87.207,27.246],[87.275,27.172],[87.274,27.143],[87.184,27.068],[87.2,26.999],[87.164,26.962],[87.154,26.919],[87.132,26.923],[87.01,26.888],[86.953,26.904],[86.975,26.965],[86.961,26.981],[86.971,27.008],[86.953,27.03],[86.971,27.048],[86.954,27.081],[86.902,27.11],[86.928,27.157],[86.919,27.177],[86.931,27.202],[86.903,27.255],[86.92,27.268],[86.953,27.266],[86.988,27.306],[86.954,27.336],[86.951,27.353],[86.935,27.357],[86.934,27.387],[86.914,27.409],[86.91,27.432],[86.946,27.46]]]},"properties":{"type":"gain","year":2020,"areaHa":79,"district":"Bhojpur"}},{"type":"Feature","geometry":{"type":"Polygon","coordinates":[[[87.407,27.138],[87.4,27.082],[87.445,27.003],[87.44,26.969],[87.496,26.981],[87.528,26.954],[87.531,26.891],[87.562,26.887],[87.591,26.86],[87.504,26.855],[87.488,26.868],[87.454,26.865],[87.435,26.886],[87.373,26.845],[87.326,26.854],[87.311,26.871],[87.26,26.866],[87.24,26.88],[87.212,26.865],[87.168,26.877],[87.15,26.933],[87.2,26.999],[87.182,27.063],[87.274,27.143],[87.269,27.178],[87.288,27.19],[87.317,27.182],[87.361,27.192],[87.407,27.138]]]},"properties":{"type":"gain","year":2020,"areaHa":74,"district":"Dhankuta"}},{"type":"Feature","geometry":{"type":"Polygon","coordinates":[[[87.519,27.297],[87.68,27.27],[87.747,27.22],[87.751,27.205],[87.72,27.187],[87.702,27.147],[87.596,27.102],[87.543,27.049],[87.543,27.019],[87.507,26.984],[87.44,26.969],[87.445,27.003],[87.4,27.082],[87.405,27.154],[87.467,27.198],[87.48,27.251],[87.519,27.297]]]},"properties":{"type":"gain","year":2020,"areaHa":63,"district":"Terhathum"}},{"type":"Feature","geometry":{"type":"Polygon","coordinates":[[[88.073,27.435],[88.051,27.405],[88.046,27.373],[88.067,27.334],[88.036,27.284],[88.016,27.216],[88.02,27.17],[87.993,27.128],[87.995,27.106],[87.921,27.099],[87.783,27.016],[87.739,27.015],[87.689,26.97],[87.684,26.947],[87.698,26.908],[87.688,26.882],[87.665,26.869],[87.589,26.86],[87.562,26.887],[87.532,26.89],[87.528,26.954],[87.495,26.981],[87.543,27.019],[87.54,27.045],[87.596,27.102],[87.702,27.147],[87.72,27.187],[87.751,27.205],[87.683,27.278],[87.698,27.291],[87.781,27.273],[87.844,27.286],[87.948,27.281],[88.004,27.325],[88.042,27.413],[88.073,27.435]]]},"properties":{"type":"gain","year":2020,"areaHa":84,"district":"Panchthar"}},{"type":"Feature","geometry":{"type":"Polygon","coordinates":[[[87.995,27.106],[88.023,27.088],[88.039,27.038],[88.08,27.035],[88.116,26.987],[88.135,26.984],[88.122,26.951],[88.146,26.923],[88.14,26.896],[88.178,26.864],[88.171,26.846],[88.185,26.783],[88.168,26.784],[88.155,26.805],[88.151,26.776],[88.141,26.766],[88.134,26.774],[88.117,26.733],[88.093,26.764],[88.099,26.802],[88.082,26.786],[88.066,26.789],[88.051,26.75],[88.028,26.766],[88.021,26.748],[87.99,26.738],[87.984,26.719],[87.946,26.72],[87.926,26.696],[87.928,26.664],[87.882,26.682],[87.844,26.658],[87.817,26.67],[87.811,26.689],[87.783,26.684],[87.762,26.706],[87.69,26.734],[87.68,26.783],[87.658,26.798],[87.662,26.814],[87.598,26.862],[87.641,26.862],[87.688,26.882],[87.698,26.908],[87.684,26.947],[87.689,26.97],[87.742,27.017],[87.783,27.016],[87.921,27.099],[87.995,27.106]]]},"properties":{"type":"gain","year":2020,"areaHa":126,"district":"Ilam"}},{"type":"Feature","geometry":{"type":"Polygon","coordinates":[[[87.666,27.808],[87.734,27.812],[87.78,27.865],[87.786,27.898],[87.827,27.921],[87.835,27.95],[87.858,27.947],[87.865,27.912],[87.932,27.917],[87.979,27.888],[88.033,27.905],[88.064,27.887],[88.087,27.892],[88.1,27.866],[88.141,27.881],[88.205,27.839],[88.177,27.82],[88.197,27.788],[88.181,27.746],[88.159,27.735],[88.147,27.667],[88.124,27.643],[88.112,27.605],[88.08,27.58],[88.061,27.512],[88.046,27.498],[88.073,27.435],[88.042,27.413],[88.004,27.325],[87.958,27.286],[87.871,27.278],[87.844,27.286],[87.781,27.273],[87.698,27.291],[87.681,27.269],[87.661,27.268],[87.555,27.285],[87.502,27.31],[87.46,27.371],[87.448,27.405],[87.487,27.566],[87.512,27.596],[87.531,27.594],[87.562,27.696],[87.609,27.673],[87.622,27.706],[87.643,27.711],[87.655,27.759],[87.67,27.77],[87.666,27.808]]]},"properties":{"type":"cover","year":2021,"areaHa":148200,"district":"Taplejung"}},{"type":"Feature","geometry":{"type":"Polygon","coordinates":[[[87.666,27.808],[87.67,27.77],[87.655,27.759],[87.643,27.711],[87.622,27.706],[87.609,27.673],[87.562,27.696],[87.531,27.594],[87.512,27.596],[87.487,27.566],[87.448,27.399],[87.519,27.297],[87.48,27.251],[87.467,27.198],[87.41,27.163],[87.407,27.138],[87.361,27.192],[87.264,27.179],[87.212,27.238],[87.2,27.263],[87.211,27.268],[87.203,27.302],[87.186,27.318],[87.194,27.354],[87.13,27.402],[87.137,27.453],[87.106,27.464],[87.063,27.441],[87.045,27.449],[87.013,27.436],[86.946,27.46],[86.965,27.482],[86.947,27.517],[86.971,27.549],[86.955,27.574],[86.956,27.607],[86.988,27.652],[86.992,27.691],[87.014,27.728],[86.983,27.753],[86.992,27.794],[87.012,27.813],[86.985,27.828],[86.994,27.864],[86.972,27.905],[86.99,27.954],[87.04,27.949],[87.108,27.874],[87.113,27.845],[87.167,27.825],[87.227,27.821],[87.262,27.852],[87.319,27.827],[87.361,27.829],[87.373,27.846],[87.422,27.86],[87.431,27.845],[87.406,27.834],[87.453,27.824],[87.487,27.846],[87.541,27.846],[87.565,27.868],[87.586,27.856],[87.592,27.821],[87.613,27.813],[87.637,27.835],[87.667,27.838],[87.666,27.808]]]},"properties":{"type":"cover","year":2021,"areaHa":162400,"district":"Sankhuwasabha"}},{"type":"Feature","geometry":{"type":"Polygon","coordinates":[[[86.518,27.957],[86.516,28.001],[86.535,28.05],[86.565,28.068],[86.564,28.106],[86.58,28.113],[86.607,28.101],[86.609,28.078],[86.635,28.073],[86.688,28.109],[86.738,28.105],[86.765,28.078],[86.754,28.066],[86.756,28.039],[86.777,28.038],[86.791,28.021],[86.869,28.027],[86.892,28],[86.927,27.99],[86.937,27.964],[86.989,27.953],[86.972,27.905],[86.994,27.864],[86.985,27.828],[87.012,27.813],[86.992,27.794],[86.983,27.753],[87.014,27.728],[86.992,27.691],[86.988,27.652],[86.956,27.607],[86.955,27.574],[86.971,27.549],[86.946,27.512],[86.965,27.482],[86.933,27.444],[86.877,27.431],[86.822,27.44],[86.753,27.398],[86.684,27.395],[86.683,27.37],[86.657,27.343],[86.582,27.345],[86.535,27.399],[86.46,27.453],[86.441,27.491],[86.425,27.487],[86.403,27.518],[86.359,27.527],[86.378,27.568],[86.438,27.608],[86.46,27.671],[86.495,27.694],[86.539,27.694],[86.575,27.758],[86.57,27.805],[86.544,27.814],[86.562,27.916],[86.518,27.957]]]},"properties":{"type":"cover","year":2021,"areaHa":136800,"district":"Solukhumbu"}},{"type":"Feature","geometry":{"type":"Polygon","coordinates":[[[86.359,27.527],[86.403,27.518],[86.425,27.487],[86.441,27.491],[86.46,27.453],[86.535,27.399],[86.576,27.346],[86.65,27.341],[86.682,27.369],[86.687,27.314],[86.671,27.298],[86.674,27.274],[86.638,27.259],[86.623,27.239],[86.561,27.227],[86.52,27.192],[86.43,27.148],[86.42,27.168],[86.345,27.206],[86.341,27.231],[86.267,27.261],[86.227,27.238],[86.205,27.252],[86.243,27.291],[86.219,27.336],[86.24,27.416],[86.268,27.457],[86.359,27.527]]]},"properties":{"type":"cover","year":2021,"areaHa":79200,"district":"Okhaldhunga"}},{"type":"Feature","geometry":{"type":"Polygon","coordinates":[[[86.911,27.433],[86.917,27.399],[86.934,27.387],[86.935,27.357],[86.988,27.308],[86.953,27.266],[86.92,27.268],[86.903,27.255],[86.931,27.202],[86.919,27.177],[86.928,27.157],[86.902,27.11],[86.966,27.064],[86.971,27.046],[86.953,27.025],[86.971,27.008],[86.961,26.981],[86.975,26.965],[86.953,26.904],[86.812,26.873],[86.779,26.887],[86.746,27.025],[86.699,27.098],[86.67,27.122],[86.589,27.154],[86.542,27.138],[86.514,27.113],[86.47,27.105],[86.429,27.139],[86.445,27.161],[86.52,27.192],[86.561,27.227],[86.623,27.239],[86.638,27.259],[86.674,27.274],[86.671,27.298],[86.687,27.314],[86.684,27.395],[86.753,27.398],[86.826,27.441],[86.911,27.433]]]},"properties":{"type":"cover","year":2021,"areaHa":104200,"district":"Khotang"}},{"type":"Feature","geometry":{"type":"Polygon","coordinates":[[[86.946,27.46],[87.013,27.436],[87.045,27.449],[87.063,27.441],[87.106,27.464],[87.137,27.453],[87.13,27.402],[87.193,27.356],[87.186,27.318],[87.209,27.282],[87.207,27.246],[87.275,27.172],[87.274,27.143],[87.184,27.068],[87.2,26.999],[87.164,26.962],[87.154,26.919],[87.132,26.923],[87.01,26.888],[86.953,26.904],[86.975,26.965],[86.961,26.981],[86.971,27.008],[86.953,27.03],[86.971,27.048],[86.954,27.081],[86.902,27.11],[86.928,27.157],[86.919,27.177],[86.931,27.202],[86.903,27.255],[86.92,27.268],[86.953,27.266],[86.988,27.306],[86.954,27.336],[86.951,27.353],[86.935,27.357],[86.934,27.387],[86.914,27.409],[86.91,27.432],[86.946,27.46]]]},"properties":{"type":"cover","year":2021,"areaHa":93600,"district":"Bhojpur"}},{"type":"Feature","geometry":{"type":"Polygon","coordinates":[[[87.407,27.138],[87.4,27.082],[87.445,27.003],[87.44,26.969],[87.496,26.981],[87.528,26.954],[87.531,26.891],[87.562,26.887],[87.591,26.86],[87.504,26.855],[87.488,26.868],[87.454,26.865],[87.435,26.886],[87.373,26.845],[87.326,26.854],[87.311,26.871],[87.26,26.866],[87.24,26.88],[87.212,26.865],[87.168,26.877],[87.15,26.933],[87.2,26.999],[87.182,27.063],[87.274,27.143],[87.269,27.178],[87.288,27.19],[87.317,27.182],[87.361,27.192],[87.407,27.138]]]},"properties":{"type":"cover","year":2021,"areaHa":88400,"district":"Dhankuta"}},{"type":"Feature","geometry":{"type":"Polygon","coordinates":[[[87.519,27.297],[87.68,27.27],[87.747,27.22],[87.751,27.205],[87.72,27.187],[87.702,27.147],[87.596,27.102],[87.543,27.049],[87.543,27.019],[87.507,26.984],[87.44,26.969],[87.445,27.003],[87.4,27.082],[87.405,27.154],[87.467,27.198],[87.48,27.251],[87.519,27.297]]]},"properties":{"type":"cover","year":2021,"areaHa":74200,"district":"Terhathum"}},{"type":"Feature","geometry":{"type":"Polygon","coordinates":[[[88.073,27.435],[88.051,27.405],[88.046,27.373],[88.067,27.334],[88.036,27.284],[88.016,27.216],[88.02,27.17],[87.993,27.128],[87.995,27.106],[87.921,27.099],[87.783,27.016],[87.739,27.015],[87.689,26.97],[87.684,26.947],[87.698,26.908],[87.688,26.882],[87.665,26.869],[87.589,26.86],[87.562,26.887],[87.532,26.89],[87.528,26.954],[87.495,26.981],[87.543,27.019],[87.54,27.045],[87.596,27.102],[87.702,27.147],[87.72,27.187],[87.751,27.205],[87.683,27.278],[87.698,27.291],[87.781,27.273],[87.844,27.286],[87.948,27.281],[88.004,27.325],[88.042,27.413],[88.073,27.435]]]},"properties":{"type":"cover","year":2021,"areaHa":102400,"district":"Panchthar"}},{"type":"Feature","geometry":{"type":"Polygon","coordinates":[[[87.995,27.106],[88.023,27.088],[88.039,27.038],[88.08,27.035],[88.116,26.987],[88.135,26.984],[88.122,26.951],[88.146,26.923],[88.14,26.896],[88.178,26.864],[88.171,26.846],[88.185,26.783],[88.168,26.784],[88.155,26.805],[88.151,26.776],[88.141,26.766],[88.134,26.774],[88.117,26.733],[88.093,26.764],[88.099,26.802],[88.082,26.786],[88.066,26.789],[88.051,26.75],[88.028,26.766],[88.021,26.748],[87.99,26.738],[87.984,26.719],[87.946,26.72],[87.926,26.696],[87.928,26.664],[87.882,26.682],[87.844,26.658],[87.817,26.67],[87.811,26.689],[87.783,26.684],[87.762,26.706],[87.69,26.734],[87.68,26.783],[87.658,26.798],[87.662,26.814],[87.598,26.862],[87.641,26.862],[87.688,26.882],[87.698,26.908],[87.684,26.947],[87.689,26.97],[87.742,27.017],[87.783,27.016],[87.921,27.099],[87.995,27.106]]]},"properties":{"type":"cover","year":2021,"areaHa":119800,"district":"Ilam"}},{"type":"Feature","geometry":{"type":"Polygon","coordinates":[[[87.666,27.808],[87.734,27.812],[87.78,27.865],[87.786,27.898],[87.827,27.921],[87.835,27.95],[87.858,27.947],[87.865,27.912],[87.932,27.917],[87.979,27.888],[88.033,27.905],[88.064,27.887],[88.087,27.892],[88.1,27.866],[88.141,27.881],[88.205,27.839],[88.177,27.82],[88.197,27.788],[88.181,27.746],[88.159,27.735],[88.147,27.667],[88.124,27.643],[88.112,27.605],[88.08,27.58],[88.061,27.512],[88.046,27.498],[88.073,27.435],[88.042,27.413],[88.004,27.325],[87.958,27.286],[87.871,27.278],[87.844,27.286],[87.781,27.273],[87.698,27.291],[87.681,27.269],[87.661,27.268],[87.555,27.285],[87.502,27.31],[87.46,27.371],[87.448,27.405],[87.487,27.566],[87.512,27.596],[87.531,27.594],[87.562,27.696],[87.609,27.673],[87.622,27.706],[87.643,27.711],[87.655,27.759],[87.67,27.77],[87.666,27.808]]]},"properties":{"type":"loss","year":2021,"areaHa":358,"district":"Taplejung"}},{"type":"Feature","geometry":{"type":"Polygon","coordinates":[[[87.666,27.808],[87.67,27.77],[87.655,27.759],[87.643,27.711],[87.622,27.706],[87.609,27.673],[87.562,27.696],[87.531,27.594],[87.512,27.596],[87.487,27.566],[87.448,27.399],[87.519,27.297],[87.48,27.251],[87.467,27.198],[87.41,27.163],[87.407,27.138],[87.361,27.192],[87.264,27.179],[87.212,27.238],[87.2,27.263],[87.211,27.268],[87.203,27.302],[87.186,27.318],[87.194,27.354],[87.13,27.402],[87.137,27.453],[87.106,27.464],[87.063,27.441],[87.045,27.449],[87.013,27.436],[86.946,27.46],[86.965,27.482],[86.947,27.517],[86.971,27.549],[86.955,27.574],[86.956,27.607],[86.988,27.652],[86.992,27.691],[87.014,27.728],[86.983,27.753],[86.992,27.794],[87.012,27.813],[86.985,27.828],[86.994,27.864],[86.972,27.905],[86.99,27.954],[87.04,27.949],[87.108,27.874],[87.113,27.845],[87.167,27.825],[87.227,27.821],[87.262,27.852],[87.319,27.827],[87.361,27.829],[87.373,27.846],[87.422,27.86],[87.431,27.845],[87.406,27.834],[87.453,27.824],[87.487,27.846],[87.541,27.846],[87.565,27.868],[87.586,27.856],[87.592,27.821],[87.613,27.813],[87.637,27.835],[87.667,27.838],[87.666,27.808]]]},"properties":{"type":"loss","year":2021,"areaHa":291,"district":"Sankhuwasabha"}},{"type":"Feature","geometry":{"type":"Polygon","coordinates":[[[86.518,27.957],[86.516,28.001],[86.535,28.05],[86.565,28.068],[86.564,28.106],[86.58,28.113],[86.607,28.101],[86.609,28.078],[86.635,28.073],[86.688,28.109],[86.738,28.105],[86.765,28.078],[86.754,28.066],[86.756,28.039],[86.777,28.038],[86.791,28.021],[86.869,28.027],[86.892,28],[86.927,27.99],[86.937,27.964],[86.989,27.953],[86.972,27.905],[86.994,27.864],[86.985,27.828],[87.012,27.813],[86.992,27.794],[86.983,27.753],[87.014,27.728],[86.992,27.691],[86.988,27.652],[86.956,27.607],[86.955,27.574],[86.971,27.549],[86.946,27.512],[86.965,27.482],[86.933,27.444],[86.877,27.431],[86.822,27.44],[86.753,27.398],[86.684,27.395],[86.683,27.37],[86.657,27.343],[86.582,27.345],[86.535,27.399],[86.46,27.453],[86.441,27.491],[86.425,27.487],[86.403,27.518],[86.359,27.527],[86.378,27.568],[86.438,27.608],[86.46,27.671],[86.495,27.694],[86.539,27.694],[86.575,27.758],[86.57,27.805],[86.544,27.814],[86.562,27.916],[86.518,27.957]]]},"properties":{"type":"loss","year":2021,"areaHa":224,"district":"Solukhumbu"}},{"type":"Feature","geometry":{"type":"Polygon","coordinates":[[[86.359,27.527],[86.403,27.518],[86.425,27.487],[86.441,27.491],[86.46,27.453],[86.535,27.399],[86.576,27.346],[86.65,27.341],[86.682,27.369],[86.687,27.314],[86.671,27.298],[86.674,27.274],[86.638,27.259],[86.623,27.239],[86.561,27.227],[86.52,27.192],[86.43,27.148],[86.42,27.168],[86.345,27.206],[86.341,27.231],[86.267,27.261],[86.227,27.238],[86.205,27.252],[86.243,27.291],[86.219,27.336],[86.24,27.416],[86.268,27.457],[86.359,27.527]]]},"properties":{"type":"loss","year":2021,"areaHa":246,"district":"Okhaldhunga"}},{"type":"Feature","geometry":{"type":"Polygon","coordinates":[[[86.911,27.433],[86.917,27.399],[86.934,27.387],[86.935,27.357],[86.988,27.308],[86.953,27.266],[86.92,27.268],[86.903,27.255],[86.931,27.202],[86.919,27.177],[86.928,27.157],[86.902,27.11],[86.966,27.064],[86.971,27.046],[86.953,27.025],[86.971,27.008],[86.961,26.981],[86.975,26.965],[86.953,26.904],[86.812,26.873],[86.779,26.887],[86.746,27.025],[86.699,27.098],[86.67,27.122],[86.589,27.154],[86.542,27.138],[86.514,27.113],[86.47,27.105],[86.429,27.139],[86.445,27.161],[86.52,27.192],[86.561,27.227],[86.623,27.239],[86.638,27.259],[86.674,27.274],[86.671,27.298],[86.687,27.314],[86.684,27.395],[86.753,27.398],[86.826,27.441],[86.911,27.433]]]},"properties":{"type":"loss","year":2021,"areaHa":302,"district":"Khotang"}},{"type":"Feature","geometry":{"type":"Polygon","coordinates":[[[86.946,27.46],[87.013,27.436],[87.045,27.449],[87.063,27.441],[87.106,27.464],[87.137,27.453],[87.13,27.402],[87.193,27.356],[87.186,27.318],[87.209,27.282],[87.207,27.246],[87.275,27.172],[87.274,27.143],[87.184,27.068],[87.2,26.999],[87.164,26.962],[87.154,26.919],[87.132,26.923],[87.01,26.888],[86.953,26.904],[86.975,26.965],[86.961,26.981],[86.971,27.008],[86.953,27.03],[86.971,27.048],[86.954,27.081],[86.902,27.11],[86.928,27.157],[86.919,27.177],[86.931,27.202],[86.903,27.255],[86.92,27.268],[86.953,27.266],[86.988,27.306],[86.954,27.336],[86.951,27.353],[86.935,27.357],[86.934,27.387],[86.914,27.409],[86.91,27.432],[86.946,27.46]]]},"properties":{"type":"loss","year":2021,"areaHa":258,"district":"Bhojpur"}},{"type":"Feature","geometry":{"type":"Polygon","coordinates":[[[87.407,27.138],[87.4,27.082],[87.445,27.003],[87.44,26.969],[87.496,26.981],[87.528,26.954],[87.531,26.891],[87.562,26.887],[87.591,26.86],[87.504,26.855],[87.488,26.868],[87.454,26.865],[87.435,26.886],[87.373,26.845],[87.326,26.854],[87.311,26.871],[87.26,26.866],[87.24,26.88],[87.212,26.865],[87.168,26.877],[87.15,26.933],[87.2,26.999],[87.182,27.063],[87.274,27.143],[87.269,27.178],[87.288,27.19],[87.317,27.182],[87.361,27.192],[87.407,27.138]]]},"properties":{"type":"loss","year":2021,"areaHa":235,"district":"Dhankuta"}},{"type":"Feature","geometry":{"type":"Polygon","coordinates":[[[87.519,27.297],[87.68,27.27],[87.747,27.22],[87.751,27.205],[87.72,27.187],[87.702,27.147],[87.596,27.102],[87.543,27.049],[87.543,27.019],[87.507,26.984],[87.44,26.969],[87.445,27.003],[87.4,27.082],[87.405,27.154],[87.467,27.198],[87.48,27.251],[87.519,27.297]]]},"properties":{"type":"loss","year":2021,"areaHa":202,"district":"Terhathum"}},{"type":"Feature","geometry":{"type":"Polygon","coordinates":[[[88.073,27.435],[88.051,27.405],[88.046,27.373],[88.067,27.334],[88.036,27.284],[88.016,27.216],[88.02,27.17],[87.993,27.128],[87.995,27.106],[87.921,27.099],[87.783,27.016],[87.739,27.015],[87.689,26.97],[87.684,26.947],[87.698,26.908],[87.688,26.882],[87.665,26.869],[87.589,26.86],[87.562,26.887],[87.532,26.89],[87.528,26.954],[87.495,26.981],[87.543,27.019],[87.54,27.045],[87.596,27.102],[87.702,27.147],[87.72,27.187],[87.751,27.205],[87.683,27.278],[87.698,27.291],[87.781,27.273],[87.844,27.286],[87.948,27.281],[88.004,27.325],[88.042,27.413],[88.073,27.435]]]},"properties":{"type":"loss","year":2021,"areaHa":325,"district":"Panchthar"}},{"type":"Feature","geometry":{"type":"Polygon","coordinates":[[[87.995,27.106],[88.023,27.088],[88.039,27.038],[88.08,27.035],[88.116,26.987],[88.135,26.984],[88.122,26.951],[88.146,26.923],[88.14,26.896],[88.178,26.864],[88.171,26.846],[88.185,26.783],[88.168,26.784],[88.155,26.805],[88.151,26.776],[88.141,26.766],[88.134,26.774],[88.117,26.733],[88.093,26.764],[88.099,26.802],[88.082,26.786],[88.066,26.789],[88.051,26.75],[88.028,26.766],[88.021,26.748],[87.99,26.738],[87.984,26.719],[87.946,26.72],[87.926,26.696],[87.928,26.664],[87.882,26.682],[87.844,26.658],[87.817,26.67],[87.811,26.689],[87.783,26.684],[87.762,26.706],[87.69,26.734],[87.68,26.783],[87.658,26.798],[87.662,26.814],[87.598,26.862],[87.641,26.862],[87.688,26.882],[87.698,26.908],[87.684,26.947],[87.689,26.97],[87.742,27.017],[87.783,27.016],[87.921,27.099],[87.995,27.106]]]},"properties":{"type":"loss","year":2021,"areaHa":381,"district":"Ilam"}},{"type":"Feature","geometry":{"type":"Polygon","coordinates":[[[87.666,27.808],[87.734,27.812],[87.78,27.865],[87.786,27.898],[87.827,27.921],[87.835,27.95],[87.858,27.947],[87.865,27.912],[87.932,27.917],[87.979,27.888],[88.033,27.905],[88.064,27.887],[88.087,27.892],[88.1,27.866],[88.141,27.881],[88.205,27.839],[88.177,27.82],[88.197,27.788],[88.181,27.746],[88.159,27.735],[88.147,27.667],[88.124,27.643],[88.112,27.605],[88.08,27.58],[88.061,27.512],[88.046,27.498],[88.073,27.435],[88.042,27.413],[88.004,27.325],[87.958,27.286],[87.871,27.278],[87.844,27.286],[87.781,27.273],[87.698,27.291],[87.681,27.269],[87.661,27.268],[87.555,27.285],[87.502,27.31],[87.46,27.371],[87.448,27.405],[87.487,27.566],[87.512,27.596],[87.531,27.594],[87.562,27.696],[87.609,27.673],[87.622,27.706],[87.643,27.711],[87.655,27.759],[87.67,27.77],[87.666,27.808]]]},"properties":{"type":"gain","year":2021,"areaHa":101,"district":"Taplejung"}},{"type":"Feature","geometry":{"type":"Polygon","coordinates":[[[87.666,27.808],[87.67,27.77],[87.655,27.759],[87.643,27.711],[87.622,27.706],[87.609,27.673],[87.562,27.696],[87.531,27.594],[87.512,27.596],[87.487,27.566],[87.448,27.399],[87.519,27.297],[87.48,27.251],[87.467,27.198],[87.41,27.163],[87.407,27.138],[87.361,27.192],[87.264,27.179],[87.212,27.238],[87.2,27.263],[87.211,27.268],[87.203,27.302],[87.186,27.318],[87.194,27.354],[87.13,27.402],[87.137,27.453],[87.106,27.464],[87.063,27.441],[87.045,27.449],[87.013,27.436],[86.946,27.46],[86.965,27.482],[86.947,27.517],[86.971,27.549],[86.955,27.574],[86.956,27.607],[86.988,27.652],[86.992,27.691],[87.014,27.728],[86.983,27.753],[86.992,27.794],[87.012,27.813],[86.985,27.828],[86.994,27.864],[86.972,27.905],[86.99,27.954],[87.04,27.949],[87.108,27.874],[87.113,27.845],[87.167,27.825],[87.227,27.821],[87.262,27.852],[87.319,27.827],[87.361,27.829],[87.373,27.846],[87.422,27.86],[87.431,27.845],[87.406,27.834],[87.453,27.824],[87.487,27.846],[87.541,27.846],[87.565,27.868],[87.586,27.856],[87.592,27.821],[87.613,27.813],[87.637,27.835],[87.667,27.838],[87.666,27.808]]]},"properties":{"type":"gain","year":2021,"areaHa":117,"district":"Sankhuwasabha"}},{"type":"Feature","geometry":{"type":"Polygon","coordinates":[[[86.518,27.957],[86.516,28.001],[86.535,28.05],[86.565,28.068],[86.564,28.106],[86.58,28.113],[86.607,28.101],[86.609,28.078],[86.635,28.073],[86.688,28.109],[86.738,28.105],[86.765,28.078],[86.754,28.066],[86.756,28.039],[86.777,28.038],[86.791,28.021],[86.869,28.027],[86.892,28],[86.927,27.99],[86.937,27.964],[86.989,27.953],[86.972,27.905],[86.994,27.864],[86.985,27.828],[87.012,27.813],[86.992,27.794],[86.983,27.753],[87.014,27.728],[86.992,27.691],[86.988,27.652],[86.956,27.607],[86.955,27.574],[86.971,27.549],[86.946,27.512],[86.965,27.482],[86.933,27.444],[86.877,27.431],[86.822,27.44],[86.753,27.398],[86.684,27.395],[86.683,27.37],[86.657,27.343],[86.582,27.345],[86.535,27.399],[86.46,27.453],[86.441,27.491],[86.425,27.487],[86.403,27.518],[86.359,27.527],[86.378,27.568],[86.438,27.608],[86.46,27.671],[86.495,27.694],[86.539,27.694],[86.575,27.758],[86.57,27.805],[86.544,27.814],[86.562,27.916],[86.518,27.957]]]},"properties":{"type":"gain","year":2021,"areaHa":95,"district":"Solukhumbu"}},{"type":"Feature","geometry":{"type":"Polygon","coordinates":[[[86.359,27.527],[86.403,27.518],[86.425,27.487],[86.441,27.491],[86.46,27.453],[86.535,27.399],[86.576,27.346],[86.65,27.341],[86.682,27.369],[86.687,27.314],[86.671,27.298],[86.674,27.274],[86.638,27.259],[86.623,27.239],[86.561,27.227],[86.52,27.192],[86.43,27.148],[86.42,27.168],[86.345,27.206],[86.341,27.231],[86.267,27.261],[86.227,27.238],[86.205,27.252],[86.243,27.291],[86.219,27.336],[86.24,27.416],[86.268,27.457],[86.359,27.527]]]},"properties":{"type":"gain","year":2021,"areaHa":69,"district":"Okhaldhunga"}},{"type":"Feature","geometry":{"type":"Polygon","coordinates":[[[86.911,27.433],[86.917,27.399],[86.934,27.387],[86.935,27.357],[86.988,27.308],[86.953,27.266],[86.92,27.268],[86.903,27.255],[86.931,27.202],[86.919,27.177],[86.928,27.157],[86.902,27.11],[86.966,27.064],[86.971,27.046],[86.953,27.025],[86.971,27.008],[86.961,26.981],[86.975,26.965],[86.953,26.904],[86.812,26.873],[86.779,26.887],[86.746,27.025],[86.699,27.098],[86.67,27.122],[86.589,27.154],[86.542,27.138],[86.514,27.113],[86.47,27.105],[86.429,27.139],[86.445,27.161],[86.52,27.192],[86.561,27.227],[86.623,27.239],[86.638,27.259],[86.674,27.274],[86.671,27.298],[86.687,27.314],[86.684,27.395],[86.753,27.398],[86.826,27.441],[86.911,27.433]]]},"properties":{"type":"gain","year":2021,"areaHa":90,"district":"Khotang"}},{"type":"Feature","geometry":{"type":"Polygon","coordinates":[[[86.946,27.46],[87.013,27.436],[87.045,27.449],[87.063,27.441],[87.106,27.464],[87.137,27.453],[87.13,27.402],[87.193,27.356],[87.186,27.318],[87.209,27.282],[87.207,27.246],[87.275,27.172],[87.274,27.143],[87.184,27.068],[87.2,26.999],[87.164,26.962],[87.154,26.919],[87.132,26.923],[87.01,26.888],[86.953,26.904],[86.975,26.965],[86.961,26.981],[86.971,27.008],[86.953,27.03],[86.971,27.048],[86.954,27.081],[86.902,27.11],[86.928,27.157],[86.919,27.177],[86.931,27.202],[86.903,27.255],[86.92,27.268],[86.953,27.266],[86.988,27.306],[86.954,27.336],[86.951,27.353],[86.935,27.357],[86.934,27.387],[86.914,27.409],[86.91,27.432],[86.946,27.46]]]},"properties":{"type":"gain","year":2021,"areaHa":80,"district":"Bhojpur"}},{"type":"Feature","geometry":{"type":"Polygon","coordinates":[[[87.407,27.138],[87.4,27.082],[87.445,27.003],[87.44,26.969],[87.496,26.981],[87.528,26.954],[87.531,26.891],[87.562,26.887],[87.591,26.86],[87.504,26.855],[87.488,26.868],[87.454,26.865],[87.435,26.886],[87.373,26.845],[87.326,26.854],[87.311,26.871],[87.26,26.866],[87.24,26.88],[87.212,26.865],[87.168,26.877],[87.15,26.933],[87.2,26.999],[87.182,27.063],[87.274,27.143],[87.269,27.178],[87.288,27.19],[87.317,27.182],[87.361,27.192],[87.407,27.138]]]},"properties":{"type":"gain","year":2021,"areaHa":74,"district":"Dhankuta"}},{"type":"Feature","geometry":{"type":"Polygon","coordinates":[[[87.519,27.297],[87.68,27.27],[87.747,27.22],[87.751,27.205],[87.72,27.187],[87.702,27.147],[87.596,27.102],[87.543,27.049],[87.543,27.019],[87.507,26.984],[87.44,26.969],[87.445,27.003],[87.4,27.082],[87.405,27.154],[87.467,27.198],[87.48,27.251],[87.519,27.297]]]},"properties":{"type":"gain","year":2021,"areaHa":64,"district":"Terhathum"}},{"type":"Feature","geometry":{"type":"Polygon","coordinates":[[[88.073,27.435],[88.051,27.405],[88.046,27.373],[88.067,27.334],[88.036,27.284],[88.016,27.216],[88.02,27.17],[87.993,27.128],[87.995,27.106],[87.921,27.099],[87.783,27.016],[87.739,27.015],[87.689,26.97],[87.684,26.947],[87.698,26.908],[87.688,26.882],[87.665,26.869],[87.589,26.86],[87.562,26.887],[87.532,26.89],[87.528,26.954],[87.495,26.981],[87.543,27.019],[87.54,27.045],[87.596,27.102],[87.702,27.147],[87.72,27.187],[87.751,27.205],[87.683,27.278],[87.698,27.291],[87.781,27.273],[87.844,27.286],[87.948,27.281],[88.004,27.325],[88.042,27.413],[88.073,27.435]]]},"properties":{"type":"gain","year":2021,"areaHa":85,"district":"Panchthar"}},{"type":"Feature","geometry":{"type":"Polygon","coordinates":[[[87.995,27.106],[88.023,27.088],[88.039,27.038],[88.08,27.035],[88.116,26.987],[88.135,26.984],[88.122,26.951],[88.146,26.923],[88.14,26.896],[88.178,26.864],[88.171,26.846],[88.185,26.783],[88.168,26.784],[88.155,26.805],[88.151,26.776],[88.141,26.766],[88.134,26.774],[88.117,26.733],[88.093,26.764],[88.099,26.802],[88.082,26.786],[88.066,26.789],[88.051,26.75],[88.028,26.766],[88.021,26.748],[87.99,26.738],[87.984,26.719],[87.946,26.72],[87.926,26.696],[87.928,26.664],[87.882,26.682],[87.844,26.658],[87.817,26.67],[87.811,26.689],[87.783,26.684],[87.762,26.706],[87.69,26.734],[87.68,26.783],[87.658,26.798],[87.662,26.814],[87.598,26.862],[87.641,26.862],[87.688,26.882],[87.698,26.908],[87.684,26.947],[87.689,26.97],[87.742,27.017],[87.783,27.016],[87.921,27.099],[87.995,27.106]]]},"properties":{"type":"gain","year":2021,"areaHa":127,"district":"Ilam"}},{"type":"Feature","geometry":{"type":"Polygon","coordinates":[[[87.666,27.808],[87.734,27.812],[87.78,27.865],[87.786,27.898],[87.827,27.921],[87.835,27.95],[87.858,27.947],[87.865,27.912],[87.932,27.917],[87.979,27.888],[88.033,27.905],[88.064,27.887],[88.087,27.892],[88.1,27.866],[88.141,27.881],[88.205,27.839],[88.177,27.82],[88.197,27.788],[88.181,27.746],[88.159,27.735],[88.147,27.667],[88.124,27.643],[88.112,27.605],[88.08,27.58],[88.061,27.512],[88.046,27.498],[88.073,27.435],[88.042,27.413],[88.004,27.325],[87.958,27.286],[87.871,27.278],[87.844,27.286],[87.781,27.273],[87.698,27.291],[87.681,27.269],[87.661,27.268],[87.555,27.285],[87.502,27.31],[87.46,27.371],[87.448,27.405],[87.487,27.566],[87.512,27.596],[87.531,27.594],[87.562,27.696],[87.609,27.673],[87.622,27.706],[87.643,27.711],[87.655,27.759],[87.67,27.77],[87.666,27.808]]]},"properties":{"type":"cover","year":2022,"areaHa":148200,"district":"Taplejung"}},{"type":"Feature","geometry":{"type":"Polygon","coordinates":[[[87.666,27.808],[87.67,27.77],[87.655,27.759],[87.643,27.711],[87.622,27.706],[87.609,27.673],[87.562,27.696],[87.531,27.594],[87.512,27.596],[87.487,27.566],[87.448,27.399],[87.519,27.297],[87.48,27.251],[87.467,27.198],[87.41,27.163],[87.407,27.138],[87.361,27.192],[87.264,27.179],[87.212,27.238],[87.2,27.263],[87.211,27.268],[87.203,27.302],[87.186,27.318],[87.194,27.354],[87.13,27.402],[87.137,27.453],[87.106,27.464],[87.063,27.441],[87.045,27.449],[87.013,27.436],[86.946,27.46],[86.965,27.482],[86.947,27.517],[86.971,27.549],[86.955,27.574],[86.956,27.607],[86.988,27.652],[86.992,27.691],[87.014,27.728],[86.983,27.753],[86.992,27.794],[87.012,27.813],[86.985,27.828],[86.994,27.864],[86.972,27.905],[86.99,27.954],[87.04,27.949],[87.108,27.874],[87.113,27.845],[87.167,27.825],[87.227,27.821],[87.262,27.852],[87.319,27.827],[87.361,27.829],[87.373,27.846],[87.422,27.86],[87.431,27.845],[87.406,27.834],[87.453,27.824],[87.487,27.846],[87.541,27.846],[87.565,27.868],[87.586,27.856],[87.592,27.821],[87.613,27.813],[87.637,27.835],[87.667,27.838],[87.666,27.808]]]},"properties":{"type":"cover","year":2022,"areaHa":162400,"district":"Sankhuwasabha"}},{"type":"Feature","geometry":{"type":"Polygon","coordinates":[[[86.518,27.957],[86.516,28.001],[86.535,28.05],[86.565,28.068],[86.564,28.106],[86.58,28.113],[86.607,28.101],[86.609,28.078],[86.635,28.073],[86.688,28.109],[86.738,28.105],[86.765,28.078],[86.754,28.066],[86.756,28.039],[86.777,28.038],[86.791,28.021],[86.869,28.027],[86.892,28],[86.927,27.99],[86.937,27.964],[86.989,27.953],[86.972,27.905],[86.994,27.864],[86.985,27.828],[87.012,27.813],[86.992,27.794],[86.983,27.753],[87.014,27.728],[86.992,27.691],[86.988,27.652],[86.956,27.607],[86.955,27.574],[86.971,27.549],[86.946,27.512],[86.965,27.482],[86.933,27.444],[86.877,27.431],[86.822,27.44],[86.753,27.398],[86.684,27.395],[86.683,27.37],[86.657,27.343],[86.582,27.345],[86.535,27.399],[86.46,27.453],[86.441,27.491],[86.425,27.487],[86.403,27.518],[86.359,27.527],[86.378,27.568],[86.438,27.608],[86.46,27.671],[86.495,27.694],[86.539,27.694],[86.575,27.758],[86.57,27.805],[86.544,27.814],[86.562,27.916],[86.518,27.957]]]},"properties":{"type":"cover","year":2022,"areaHa":136800,"district":"Solukhumbu"}},{"type":"Feature","geometry":{"type":"Polygon","coordinates":[[[86.359,27.527],[86.403,27.518],[86.425,27.487],[86.441,27.491],[86.46,27.453],[86.535,27.399],[86.576,27.346],[86.65,27.341],[86.682,27.369],[86.687,27.314],[86.671,27.298],[86.674,27.274],[86.638,27.259],[86.623,27.239],[86.561,27.227],[86.52,27.192],[86.43,27.148],[86.42,27.168],[86.345,27.206],[86.341,27.231],[86.267,27.261],[86.227,27.238],[86.205,27.252],[86.243,27.291],[86.219,27.336],[86.24,27.416],[86.268,27.457],[86.359,27.527]]]},"properties":{"type":"cover","year":2022,"areaHa":79200,"district":"Okhaldhunga"}},{"type":"Feature","geometry":{"type":"Polygon","coordinates":[[[86.911,27.433],[86.917,27.399],[86.934,27.387],[86.935,27.357],[86.988,27.308],[86.953,27.266],[86.92,27.268],[86.903,27.255],[86.931,27.202],[86.919,27.177],[86.928,27.157],[86.902,27.11],[86.966,27.064],[86.971,27.046],[86.953,27.025],[86.971,27.008],[86.961,26.981],[86.975,26.965],[86.953,26.904],[86.812,26.873],[86.779,26.887],[86.746,27.025],[86.699,27.098],[86.67,27.122],[86.589,27.154],[86.542,27.138],[86.514,27.113],[86.47,27.105],[86.429,27.139],[86.445,27.161],[86.52,27.192],[86.561,27.227],[86.623,27.239],[86.638,27.259],[86.674,27.274],[86.671,27.298],[86.687,27.314],[86.684,27.395],[86.753,27.398],[86.826,27.441],[86.911,27.433]]]},"properties":{"type":"cover","year":2022,"areaHa":104200,"district":"Khotang"}},{"type":"Feature","geometry":{"type":"Polygon","coordinates":[[[86.946,27.46],[87.013,27.436],[87.045,27.449],[87.063,27.441],[87.106,27.464],[87.137,27.453],[87.13,27.402],[87.193,27.356],[87.186,27.318],[87.209,27.282],[87.207,27.246],[87.275,27.172],[87.274,27.143],[87.184,27.068],[87.2,26.999],[87.164,26.962],[87.154,26.919],[87.132,26.923],[87.01,26.888],[86.953,26.904],[86.975,26.965],[86.961,26.981],[86.971,27.008],[86.953,27.03],[86.971,27.048],[86.954,27.081],[86.902,27.11],[86.928,27.157],[86.919,27.177],[86.931,27.202],[86.903,27.255],[86.92,27.268],[86.953,27.266],[86.988,27.306],[86.954,27.336],[86.951,27.353],[86.935,27.357],[86.934,27.387],[86.914,27.409],[86.91,27.432],[86.946,27.46]]]},"properties":{"type":"cover","year":2022,"areaHa":93600,"district":"Bhojpur"}},{"type":"Feature","geometry":{"type":"Polygon","coordinates":[[[87.407,27.138],[87.4,27.082],[87.445,27.003],[87.44,26.969],[87.496,26.981],[87.528,26.954],[87.531,26.891],[87.562,26.887],[87.591,26.86],[87.504,26.855],[87.488,26.868],[87.454,26.865],[87.435,26.886],[87.373,26.845],[87.326,26.854],[87.311,26.871],[87.26,26.866],[87.24,26.88],[87.212,26.865],[87.168,26.877],[87.15,26.933],[87.2,26.999],[87.182,27.063],[87.274,27.143],[87.269,27.178],[87.288,27.19],[87.317,27.182],[87.361,27.192],[87.407,27.138]]]},"properties":{"type":"cover","year":2022,"areaHa":88400,"district":"Dhankuta"}},{"type":"Feature","geometry":{"type":"Polygon","coordinates":[[[87.519,27.297],[87.68,27.27],[87.747,27.22],[87.751,27.205],[87.72,27.187],[87.702,27.147],[87.596,27.102],[87.543,27.049],[87.543,27.019],[87.507,26.984],[87.44,26.969],[87.445,27.003],[87.4,27.082],[87.405,27.154],[87.467,27.198],[87.48,27.251],[87.519,27.297]]]},"properties":{"type":"cover","year":2022,"areaHa":74200,"district":"Terhathum"}},{"type":"Feature","geometry":{"type":"Polygon","coordinates":[[[88.073,27.435],[88.051,27.405],[88.046,27.373],[88.067,27.334],[88.036,27.284],[88.016,27.216],[88.02,27.17],[87.993,27.128],[87.995,27.106],[87.921,27.099],[87.783,27.016],[87.739,27.015],[87.689,26.97],[87.684,26.947],[87.698,26.908],[87.688,26.882],[87.665,26.869],[87.589,26.86],[87.562,26.887],[87.532,26.89],[87.528,26.954],[87.495,26.981],[87.543,27.019],[87.54,27.045],[87.596,27.102],[87.702,27.147],[87.72,27.187],[87.751,27.205],[87.683,27.278],[87.698,27.291],[87.781,27.273],[87.844,27.286],[87.948,27.281],[88.004,27.325],[88.042,27.413],[88.073,27.435]]]},"properties":{"type":"cover","year":2022,"areaHa":102400,"district":"Panchthar"}},{"type":"Feature","geometry":{"type":"Polygon","coordinates":[[[87.995,27.106],[88.023,27.088],[88.039,27.038],[88.08,27.035],[88.116,26.987],[88.135,26.984],[88.122,26.951],[88.146,26.923],[88.14,26.896],[88.178,26.864],[88.171,26.846],[88.185,26.783],[88.168,26.784],[88.155,26.805],[88.151,26.776],[88.141,26.766],[88.134,26.774],[88.117,26.733],[88.093,26.764],[88.099,26.802],[88.082,26.786],[88.066,26.789],[88.051,26.75],[88.028,26.766],[88.021,26.748],[87.99,26.738],[87.984,26.719],[87.946,26.72],[87.926,26.696],[87.928,26.664],[87.882,26.682],[87.844,26.658],[87.817,26.67],[87.811,26.689],[87.783,26.684],[87.762,26.706],[87.69,26.734],[87.68,26.783],[87.658,26.798],[87.662,26.814],[87.598,26.862],[87.641,26.862],[87.688,26.882],[87.698,26.908],[87.684,26.947],[87.689,26.97],[87.742,27.017],[87.783,27.016],[87.921,27.099],[87.995,27.106]]]},"properties":{"type":"cover","year":2022,"areaHa":119800,"district":"Ilam"}},{"type":"Feature","geometry":{"type":"Polygon","coordinates":[[[87.666,27.808],[87.734,27.812],[87.78,27.865],[87.786,27.898],[87.827,27.921],[87.835,27.95],[87.858,27.947],[87.865,27.912],[87.932,27.917],[87.979,27.888],[88.033,27.905],[88.064,27.887],[88.087,27.892],[88.1,27.866],[88.141,27.881],[88.205,27.839],[88.177,27.82],[88.197,27.788],[88.181,27.746],[88.159,27.735],[88.147,27.667],[88.124,27.643],[88.112,27.605],[88.08,27.58],[88.061,27.512],[88.046,27.498],[88.073,27.435],[88.042,27.413],[88.004,27.325],[87.958,27.286],[87.871,27.278],[87.844,27.286],[87.781,27.273],[87.698,27.291],[87.681,27.269],[87.661,27.268],[87.555,27.285],[87.502,27.31],[87.46,27.371],[87.448,27.405],[87.487,27.566],[87.512,27.596],[87.531,27.594],[87.562,27.696],[87.609,27.673],[87.622,27.706],[87.643,27.711],[87.655,27.759],[87.67,27.77],[87.666,27.808]]]},"properties":{"type":"loss","year":2022,"areaHa":365,"district":"Taplejung"}},{"type":"Feature","geometry":{"type":"Polygon","coordinates":[[[87.666,27.808],[87.67,27.77],[87.655,27.759],[87.643,27.711],[87.622,27.706],[87.609,27.673],[87.562,27.696],[87.531,27.594],[87.512,27.596],[87.487,27.566],[87.448,27.399],[87.519,27.297],[87.48,27.251],[87.467,27.198],[87.41,27.163],[87.407,27.138],[87.361,27.192],[87.264,27.179],[87.212,27.238],[87.2,27.263],[87.211,27.268],[87.203,27.302],[87.186,27.318],[87.194,27.354],[87.13,27.402],[87.137,27.453],[87.106,27.464],[87.063,27.441],[87.045,27.449],[87.013,27.436],[86.946,27.46],[86.965,27.482],[86.947,27.517],[86.971,27.549],[86.955,27.574],[86.956,27.607],[86.988,27.652],[86.992,27.691],[87.014,27.728],[86.983,27.753],[86.992,27.794],[87.012,27.813],[86.985,27.828],[86.994,27.864],[86.972,27.905],[86.99,27.954],[87.04,27.949],[87.108,27.874],[87.113,27.845],[87.167,27.825],[87.227,27.821],[87.262,27.852],[87.319,27.827],[87.361,27.829],[87.373,27.846],[87.422,27.86],[87.431,27.845],[87.406,27.834],[87.453,27.824],[87.487,27.846],[87.541,27.846],[87.565,27.868],[87.586,27.856],[87.592,27.821],[87.613,27.813],[87.637,27.835],[87.667,27.838],[87.666,27.808]]]},"properties":{"type":"loss","year":2022,"areaHa":296,"district":"Sankhuwasabha"}},{"type":"Feature","geometry":{"type":"Polygon","coordinates":[[[86.518,27.957],[86.516,28.001],[86.535,28.05],[86.565,28.068],[86.564,28.106],[86.58,28.113],[86.607,28.101],[86.609,28.078],[86.635,28.073],[86.688,28.109],[86.738,28.105],[86.765,28.078],[86.754,28.066],[86.756,28.039],[86.777,28.038],[86.791,28.021],[86.869,28.027],[86.892,28],[86.927,27.99],[86.937,27.964],[86.989,27.953],[86.972,27.905],[86.994,27.864],[86.985,27.828],[87.012,27.813],[86.992,27.794],[86.983,27.753],[87.014,27.728],[86.992,27.691],[86.988,27.652],[86.956,27.607],[86.955,27.574],[86.971,27.549],[86.946,27.512],[86.965,27.482],[86.933,27.444],[86.877,27.431],[86.822,27.44],[86.753,27.398],[86.684,27.395],[86.683,27.37],[86.657,27.343],[86.582,27.345],[86.535,27.399],[86.46,27.453],[86.441,27.491],[86.425,27.487],[86.403,27.518],[86.359,27.527],[86.378,27.568],[86.438,27.608],[86.46,27.671],[86.495,27.694],[86.539,27.694],[86.575,27.758],[86.57,27.805],[86.544,27.814],[86.562,27.916],[86.518,27.957]]]},"properties":{"type":"loss","year":2022,"areaHa":228,"district":"Solukhumbu"}},{"type":"Feature","geometry":{"type":"Polygon","coordinates":[[[86.359,27.527],[86.403,27.518],[86.425,27.487],[86.441,27.491],[86.46,27.453],[86.535,27.399],[86.576,27.346],[86.65,27.341],[86.682,27.369],[86.687,27.314],[86.671,27.298],[86.674,27.274],[86.638,27.259],[86.623,27.239],[86.561,27.227],[86.52,27.192],[86.43,27.148],[86.42,27.168],[86.345,27.206],[86.341,27.231],[86.267,27.261],[86.227,27.238],[86.205,27.252],[86.243,27.291],[86.219,27.336],[86.24,27.416],[86.268,27.457],[86.359,27.527]]]},"properties":{"type":"loss","year":2022,"areaHa":251,"district":"Okhaldhunga"}},{"type":"Feature","geometry":{"type":"Polygon","coordinates":[[[86.911,27.433],[86.917,27.399],[86.934,27.387],[86.935,27.357],[86.988,27.308],[86.953,27.266],[86.92,27.268],[86.903,27.255],[86.931,27.202],[86.919,27.177],[86.928,27.157],[86.902,27.11],[86.966,27.064],[86.971,27.046],[86.953,27.025],[86.971,27.008],[86.961,26.981],[86.975,26.965],[86.953,26.904],[86.812,26.873],[86.779,26.887],[86.746,27.025],[86.699,27.098],[86.67,27.122],[86.589,27.154],[86.542,27.138],[86.514,27.113],[86.47,27.105],[86.429,27.139],[86.445,27.161],[86.52,27.192],[86.561,27.227],[86.623,27.239],[86.638,27.259],[86.674,27.274],[86.671,27.298],[86.687,27.314],[86.684,27.395],[86.753,27.398],[86.826,27.441],[86.911,27.433]]]},"properties":{"type":"loss","year":2022,"areaHa":308,"district":"Khotang"}},{"type":"Feature","geometry":{"type":"Polygon","coordinates":[[[86.946,27.46],[87.013,27.436],[87.045,27.449],[87.063,27.441],[87.106,27.464],[87.137,27.453],[87.13,27.402],[87.193,27.356],[87.186,27.318],[87.209,27.282],[87.207,27.246],[87.275,27.172],[87.274,27.143],[87.184,27.068],[87.2,26.999],[87.164,26.962],[87.154,26.919],[87.132,26.923],[87.01,26.888],[86.953,26.904],[86.975,26.965],[86.961,26.981],[86.971,27.008],[86.953,27.03],[86.971,27.048],[86.954,27.081],[86.902,27.11],[86.928,27.157],[86.919,27.177],[86.931,27.202],[86.903,27.255],[86.92,27.268],[86.953,27.266],[86.988,27.306],[86.954,27.336],[86.951,27.353],[86.935,27.357],[86.934,27.387],[86.914,27.409],[86.91,27.432],[86.946,27.46]]]},"properties":{"type":"loss","year":2022,"areaHa":262,"district":"Bhojpur"}},{"type":"Feature","geometry":{"type":"Polygon","coordinates":[[[87.407,27.138],[87.4,27.082],[87.445,27.003],[87.44,26.969],[87.496,26.981],[87.528,26.954],[87.531,26.891],[87.562,26.887],[87.591,26.86],[87.504,26.855],[87.488,26.868],[87.454,26.865],[87.435,26.886],[87.373,26.845],[87.326,26.854],[87.311,26.871],[87.26,26.866],[87.24,26.88],[87.212,26.865],[87.168,26.877],[87.15,26.933],[87.2,26.999],[87.182,27.063],[87.274,27.143],[87.269,27.178],[87.288,27.19],[87.317,27.182],[87.361,27.192],[87.407,27.138]]]},"properties":{"type":"loss","year":2022,"areaHa":239,"district":"Dhankuta"}},{"type":"Feature","geometry":{"type":"Polygon","coordinates":[[[87.519,27.297],[87.68,27.27],[87.747,27.22],[87.751,27.205],[87.72,27.187],[87.702,27.147],[87.596,27.102],[87.543,27.049],[87.543,27.019],[87.507,26.984],[87.44,26.969],[87.445,27.003],[87.4,27.082],[87.405,27.154],[87.467,27.198],[87.48,27.251],[87.519,27.297]]]},"properties":{"type":"loss","year":2022,"areaHa":205,"district":"Terhathum"}},{"type":"Feature","geometry":{"type":"Polygon","coordinates":[[[88.073,27.435],[88.051,27.405],[88.046,27.373],[88.067,27.334],[88.036,27.284],[88.016,27.216],[88.02,27.17],[87.993,27.128],[87.995,27.106],[87.921,27.099],[87.783,27.016],[87.739,27.015],[87.689,26.97],[87.684,26.947],[87.698,26.908],[87.688,26.882],[87.665,26.869],[87.589,26.86],[87.562,26.887],[87.532,26.89],[87.528,26.954],[87.495,26.981],[87.543,27.019],[87.54,27.045],[87.596,27.102],[87.702,27.147],[87.72,27.187],[87.751,27.205],[87.683,27.278],[87.698,27.291],[87.781,27.273],[87.844,27.286],[87.948,27.281],[88.004,27.325],[88.042,27.413],[88.073,27.435]]]},"properties":{"type":"loss","year":2022,"areaHa":331,"district":"Panchthar"}},{"type":"Feature","geometry":{"type":"Polygon","coordinates":[[[87.995,27.106],[88.023,27.088],[88.039,27.038],[88.08,27.035],[88.116,26.987],[88.135,26.984],[88.122,26.951],[88.146,26.923],[88.14,26.896],[88.178,26.864],[88.171,26.846],[88.185,26.783],[88.168,26.784],[88.155,26.805],[88.151,26.776],[88.141,26.766],[88.134,26.774],[88.117,26.733],[88.093,26.764],[88.099,26.802],[88.082,26.786],[88.066,26.789],[88.051,26.75],[88.028,26.766],[88.021,26.748],[87.99,26.738],[87.984,26.719],[87.946,26.72],[87.926,26.696],[87.928,26.664],[87.882,26.682],[87.844,26.658],[87.817,26.67],[87.811,26.689],[87.783,26.684],[87.762,26.706],[87.69,26.734],[87.68,26.783],[87.658,26.798],[87.662,26.814],[87.598,26.862],[87.641,26.862],[87.688,26.882],[87.698,26.908],[87.684,26.947],[87.689,26.97],[87.742,27.017],[87.783,27.016],[87.921,27.099],[87.995,27.106]]]},"properties":{"type":"loss","year":2022,"areaHa":388,"district":"Ilam"}},{"type":"Feature","geometry":{"type":"Polygon","coordinates":[[[87.666,27.808],[87.734,27.812],[87.78,27.865],[87.786,27.898],[87.827,27.921],[87.835,27.95],[87.858,27.947],[87.865,27.912],[87.932,27.917],[87.979,27.888],[88.033,27.905],[88.064,27.887],[88.087,27.892],[88.1,27.866],[88.141,27.881],[88.205,27.839],[88.177,27.82],[88.197,27.788],[88.181,27.746],[88.159,27.735],[88.147,27.667],[88.124,27.643],[88.112,27.605],[88.08,27.58],[88.061,27.512],[88.046,27.498],[88.073,27.435],[88.042,27.413],[88.004,27.325],[87.958,27.286],[87.871,27.278],[87.844,27.286],[87.781,27.273],[87.698,27.291],[87.681,27.269],[87.661,27.268],[87.555,27.285],[87.502,27.31],[87.46,27.371],[87.448,27.405],[87.487,27.566],[87.512,27.596],[87.531,27.594],[87.562,27.696],[87.609,27.673],[87.622,27.706],[87.643,27.711],[87.655,27.759],[87.67,27.77],[87.666,27.808]]]},"properties":{"type":"gain","year":2022,"areaHa":102,"district":"Taplejung"}},{"type":"Feature","geometry":{"type":"Polygon","coordinates":[[[87.666,27.808],[87.67,27.77],[87.655,27.759],[87.643,27.711],[87.622,27.706],[87.609,27.673],[87.562,27.696],[87.531,27.594],[87.512,27.596],[87.487,27.566],[87.448,27.399],[87.519,27.297],[87.48,27.251],[87.467,27.198],[87.41,27.163],[87.407,27.138],[87.361,27.192],[87.264,27.179],[87.212,27.238],[87.2,27.263],[87.211,27.268],[87.203,27.302],[87.186,27.318],[87.194,27.354],[87.13,27.402],[87.137,27.453],[87.106,27.464],[87.063,27.441],[87.045,27.449],[87.013,27.436],[86.946,27.46],[86.965,27.482],[86.947,27.517],[86.971,27.549],[86.955,27.574],[86.956,27.607],[86.988,27.652],[86.992,27.691],[87.014,27.728],[86.983,27.753],[86.992,27.794],[87.012,27.813],[86.985,27.828],[86.994,27.864],[86.972,27.905],[86.99,27.954],[87.04,27.949],[87.108,27.874],[87.113,27.845],[87.167,27.825],[87.227,27.821],[87.262,27.852],[87.319,27.827],[87.361,27.829],[87.373,27.846],[87.422,27.86],[87.431,27.845],[87.406,27.834],[87.453,27.824],[87.487,27.846],[87.541,27.846],[87.565,27.868],[87.586,27.856],[87.592,27.821],[87.613,27.813],[87.637,27.835],[87.667,27.838],[87.666,27.808]]]},"properties":{"type":"gain","year":2022,"areaHa":118,"district":"Sankhuwasabha"}},{"type":"Feature","geometry":{"type":"Polygon","coordinates":[[[86.518,27.957],[86.516,28.001],[86.535,28.05],[86.565,28.068],[86.564,28.106],[86.58,28.113],[86.607,28.101],[86.609,28.078],[86.635,28.073],[86.688,28.109],[86.738,28.105],[86.765,28.078],[86.754,28.066],[86.756,28.039],[86.777,28.038],[86.791,28.021],[86.869,28.027],[86.892,28],[86.927,27.99],[86.937,27.964],[86.989,27.953],[86.972,27.905],[86.994,27.864],[86.985,27.828],[87.012,27.813],[86.992,27.794],[86.983,27.753],[87.014,27.728],[86.992,27.691],[86.988,27.652],[86.956,27.607],[86.955,27.574],[86.971,27.549],[86.946,27.512],[86.965,27.482],[86.933,27.444],[86.877,27.431],[86.822,27.44],[86.753,27.398],[86.684,27.395],[86.683,27.37],[86.657,27.343],[86.582,27.345],[86.535,27.399],[86.46,27.453],[86.441,27.491],[86.425,27.487],[86.403,27.518],[86.359,27.527],[86.378,27.568],[86.438,27.608],[86.46,27.671],[86.495,27.694],[86.539,27.694],[86.575,27.758],[86.57,27.805],[86.544,27.814],[86.562,27.916],[86.518,27.957]]]},"properties":{"type":"gain","year":2022,"areaHa":96,"district":"Solukhumbu"}},{"type":"Feature","geometry":{"type":"Polygon","coordinates":[[[86.359,27.527],[86.403,27.518],[86.425,27.487],[86.441,27.491],[86.46,27.453],[86.535,27.399],[86.576,27.346],[86.65,27.341],[86.682,27.369],[86.687,27.314],[86.671,27.298],[86.674,27.274],[86.638,27.259],[86.623,27.239],[86.561,27.227],[86.52,27.192],[86.43,27.148],[86.42,27.168],[86.345,27.206],[86.341,27.231],[86.267,27.261],[86.227,27.238],[86.205,27.252],[86.243,27.291],[86.219,27.336],[86.24,27.416],[86.268,27.457],[86.359,27.527]]]},"properties":{"type":"gain","year":2022,"areaHa":70,"district":"Okhaldhunga"}},{"type":"Feature","geometry":{"type":"Polygon","coordinates":[[[86.911,27.433],[86.917,27.399],[86.934,27.387],[86.935,27.357],[86.988,27.308],[86.953,27.266],[86.92,27.268],[86.903,27.255],[86.931,27.202],[86.919,27.177],[86.928,27.157],[86.902,27.11],[86.966,27.064],[86.971,27.046],[86.953,27.025],[86.971,27.008],[86.961,26.981],[86.975,26.965],[86.953,26.904],[86.812,26.873],[86.779,26.887],[86.746,27.025],[86.699,27.098],[86.67,27.122],[86.589,27.154],[86.542,27.138],[86.514,27.113],[86.47,27.105],[86.429,27.139],[86.445,27.161],[86.52,27.192],[86.561,27.227],[86.623,27.239],[86.638,27.259],[86.674,27.274],[86.671,27.298],[86.687,27.314],[86.684,27.395],[86.753,27.398],[86.826,27.441],[86.911,27.433]]]},"properties":{"type":"gain","year":2022,"areaHa":91,"district":"Khotang"}},{"type":"Feature","geometry":{"type":"Polygon","coordinates":[[[86.946,27.46],[87.013,27.436],[87.045,27.449],[87.063,27.441],[87.106,27.464],[87.137,27.453],[87.13,27.402],[87.193,27.356],[87.186,27.318],[87.209,27.282],[87.207,27.246],[87.275,27.172],[87.274,27.143],[87.184,27.068],[87.2,26.999],[87.164,26.962],[87.154,26.919],[87.132,26.923],[87.01,26.888],[86.953,26.904],[86.975,26.965],[86.961,26.981],[86.971,27.008],[86.953,27.03],[86.971,27.048],[86.954,27.081],[86.902,27.11],[86.928,27.157],[86.919,27.177],[86.931,27.202],[86.903,27.255],[86.92,27.268],[86.953,27.266],[86.988,27.306],[86.954,27.336],[86.951,27.353],[86.935,27.357],[86.934,27.387],[86.914,27.409],[86.91,27.432],[86.946,27.46]]]},"properties":{"type":"gain","year":2022,"areaHa":80,"district":"Bhojpur"}},{"type":"Feature","geometry":{"type":"Polygon","coordinates":[[[87.407,27.138],[87.4,27.082],[87.445,27.003],[87.44,26.969],[87.496,26.981],[87.528,26.954],[87.531,26.891],[87.562,26.887],[87.591,26.86],[87.504,26.855],[87.488,26.868],[87.454,26.865],[87.435,26.886],[87.373,26.845],[87.326,26.854],[87.311,26.871],[87.26,26.866],[87.24,26.88],[87.212,26.865],[87.168,26.877],[87.15,26.933],[87.2,26.999],[87.182,27.063],[87.274,27.143],[87.269,27.178],[87.288,27.19],[87.317,27.182],[87.361,27.192],[87.407,27.138]]]},"properties":{"type":"gain","year":2022,"areaHa":75,"district":"Dhankuta"}},{"type":"Feature","geometry":{"type":"Polygon","coordinates":[[[87.519,27.297],[87.68,27.27],[87.747,27.22],[87.751,27.205],[87.72,27.187],[87.702,27.147],[87.596,27.102],[87.543,27.049],[87.543,27.019],[87.507,26.984],[87.44,26.969],[87.445,27.003],[87.4,27.082],[87.405,27.154],[87.467,27.198],[87.48,27.251],[87.519,27.297]]]},"properties":{"type":"gain","year":2022,"areaHa":64,"district":"Terhathum"}},{"type":"Feature","geometry":{"type":"Polygon","coordinates":[[[88.073,27.435],[88.051,27.405],[88.046,27.373],[88.067,27.334],[88.036,27.284],[88.016,27.216],[88.02,27.17],[87.993,27.128],[87.995,27.106],[87.921,27.099],[87.783,27.016],[87.739,27.015],[87.689,26.97],[87.684,26.947],[87.698,26.908],[87.688,26.882],[87.665,26.869],[87.589,26.86],[87.562,26.887],[87.532,26.89],[87.528,26.954],[87.495,26.981],[87.543,27.019],[87.54,27.045],[87.596,27.102],[87.702,27.147],[87.72,27.187],[87.751,27.205],[87.683,27.278],[87.698,27.291],[87.781,27.273],[87.844,27.286],[87.948,27.281],[88.004,27.325],[88.042,27.413],[88.073,27.435]]]},"properties":{"type":"gain","year":2022,"areaHa":86,"district":"Panchthar"}},{"type":"Feature","geometry":{"type":"Polygon","coordinates":[[[87.995,27.106],[88.023,27.088],[88.039,27.038],[88.08,27.035],[88.116,26.987],[88.135,26.984],[88.122,26.951],[88.146,26.923],[88.14,26.896],[88.178,26.864],[88.171,26.846],[88.185,26.783],[88.168,26.784],[88.155,26.805],[88.151,26.776],[88.141,26.766],[88.134,26.774],[88.117,26.733],[88.093,26.764],[88.099,26.802],[88.082,26.786],[88.066,26.789],[88.051,26.75],[88.028,26.766],[88.021,26.748],[87.99,26.738],[87.984,26.719],[87.946,26.72],[87.926,26.696],[87.928,26.664],[87.882,26.682],[87.844,26.658],[87.817,26.67],[87.811,26.689],[87.783,26.684],[87.762,26.706],[87.69,26.734],[87.68,26.783],[87.658,26.798],[87.662,26.814],[87.598,26.862],[87.641,26.862],[87.688,26.882],[87.698,26.908],[87.684,26.947],[87.689,26.97],[87.742,27.017],[87.783,27.016],[87.921,27.099],[87.995,27.106]]]},"properties":{"type":"gain","year":2022,"areaHa":128,"district":"Ilam"}},{"type":"Feature","geometry":{"type":"Polygon","coordinates":[[[87.666,27.808],[87.734,27.812],[87.78,27.865],[87.786,27.898],[87.827,27.921],[87.835,27.95],[87.858,27.947],[87.865,27.912],[87.932,27.917],[87.979,27.888],[88.033,27.905],[88.064,27.887],[88.087,27.892],[88.1,27.866],[88.141,27.881],[88.205,27.839],[88.177,27.82],[88.197,27.788],[88.181,27.746],[88.159,27.735],[88.147,27.667],[88.124,27.643],[88.112,27.605],[88.08,27.58],[88.061,27.512],[88.046,27.498],[88.073,27.435],[88.042,27.413],[88.004,27.325],[87.958,27.286],[87.871,27.278],[87.844,27.286],[87.781,27.273],[87.698,27.291],[87.681,27.269],[87.661,27.268],[87.555,27.285],[87.502,27.31],[87.46,27.371],[87.448,27.405],[87.487,27.566],[87.512,27.596],[87.531,27.594],[87.562,27.696],[87.609,27.673],[87.622,27.706],[87.643,27.711],[87.655,27.759],[87.67,27.77],[87.666,27.808]]]},"properties":{"type":"cover","year":2023,"areaHa":148200,"district":"Taplejung"}},{"type":"Feature","geometry":{"type":"Polygon","coordinates":[[[87.666,27.808],[87.67,27.77],[87.655,27.759],[87.643,27.711],[87.622,27.706],[87.609,27.673],[87.562,27.696],[87.531,27.594],[87.512,27.596],[87.487,27.566],[87.448,27.399],[87.519,27.297],[87.48,27.251],[87.467,27.198],[87.41,27.163],[87.407,27.138],[87.361,27.192],[87.264,27.179],[87.212,27.238],[87.2,27.263],[87.211,27.268],[87.203,27.302],[87.186,27.318],[87.194,27.354],[87.13,27.402],[87.137,27.453],[87.106,27.464],[87.063,27.441],[87.045,27.449],[87.013,27.436],[86.946,27.46],[86.965,27.482],[86.947,27.517],[86.971,27.549],[86.955,27.574],[86.956,27.607],[86.988,27.652],[86.992,27.691],[87.014,27.728],[86.983,27.753],[86.992,27.794],[87.012,27.813],[86.985,27.828],[86.994,27.864],[86.972,27.905],[86.99,27.954],[87.04,27.949],[87.108,27.874],[87.113,27.845],[87.167,27.825],[87.227,27.821],[87.262,27.852],[87.319,27.827],[87.361,27.829],[87.373,27.846],[87.422,27.86],[87.431,27.845],[87.406,27.834],[87.453,27.824],[87.487,27.846],[87.541,27.846],[87.565,27.868],[87.586,27.856],[87.592,27.821],[87.613,27.813],[87.637,27.835],[87.667,27.838],[87.666,27.808]]]},"properties":{"type":"cover","year":2023,"areaHa":162400,"district":"Sankhuwasabha"}},{"type":"Feature","geometry":{"type":"Polygon","coordinates":[[[86.518,27.957],[86.516,28.001],[86.535,28.05],[86.565,28.068],[86.564,28.106],[86.58,28.113],[86.607,28.101],[86.609,28.078],[86.635,28.073],[86.688,28.109],[86.738,28.105],[86.765,28.078],[86.754,28.066],[86.756,28.039],[86.777,28.038],[86.791,28.021],[86.869,28.027],[86.892,28],[86.927,27.99],[86.937,27.964],[86.989,27.953],[86.972,27.905],[86.994,27.864],[86.985,27.828],[87.012,27.813],[86.992,27.794],[86.983,27.753],[87.014,27.728],[86.992,27.691],[86.988,27.652],[86.956,27.607],[86.955,27.574],[86.971,27.549],[86.946,27.512],[86.965,27.482],[86.933,27.444],[86.877,27.431],[86.822,27.44],[86.753,27.398],[86.684,27.395],[86.683,27.37],[86.657,27.343],[86.582,27.345],[86.535,27.399],[86.46,27.453],[86.441,27.491],[86.425,27.487],[86.403,27.518],[86.359,27.527],[86.378,27.568],[86.438,27.608],[86.46,27.671],[86.495,27.694],[86.539,27.694],[86.575,27.758],[86.57,27.805],[86.544,27.814],[86.562,27.916],[86.518,27.957]]]},"properties":{"type":"cover","year":2023,"areaHa":136800,"district":"Solukhumbu"}},{"type":"Feature","geometry":{"type":"Polygon","coordinates":[[[86.359,27.527],[86.403,27.518],[86.425,27.487],[86.441,27.491],[86.46,27.453],[86.535,27.399],[86.576,27.346],[86.65,27.341],[86.682,27.369],[86.687,27.314],[86.671,27.298],[86.674,27.274],[86.638,27.259],[86.623,27.239],[86.561,27.227],[86.52,27.192],[86.43,27.148],[86.42,27.168],[86.345,27.206],[86.341,27.231],[86.267,27.261],[86.227,27.238],[86.205,27.252],[86.243,27.291],[86.219,27.336],[86.24,27.416],[86.268,27.457],[86.359,27.527]]]},"properties":{"type":"cover","year":2023,"areaHa":79200,"district":"Okhaldhunga"}},{"type":"Feature","geometry":{"type":"Polygon","coordinates":[[[86.911,27.433],[86.917,27.399],[86.934,27.387],[86.935,27.357],[86.988,27.308],[86.953,27.266],[86.92,27.268],[86.903,27.255],[86.931,27.202],[86.919,27.177],[86.928,27.157],[86.902,27.11],[86.966,27.064],[86.971,27.046],[86.953,27.025],[86.971,27.008],[86.961,26.981],[86.975,26.965],[86.953,26.904],[86.812,26.873],[86.779,26.887],[86.746,27.025],[86.699,27.098],[86.67,27.122],[86.589,27.154],[86.542,27.138],[86.514,27.113],[86.47,27.105],[86.429,27.139],[86.445,27.161],[86.52,27.192],[86.561,27.227],[86.623,27.239],[86.638,27.259],[86.674,27.274],[86.671,27.298],[86.687,27.314],[86.684,27.395],[86.753,27.398],[86.826,27.441],[86.911,27.433]]]},"properties":{"type":"cover","year":2023,"areaHa":104200,"district":"Khotang"}},{"type":"Feature","geometry":{"type":"Polygon","coordinates":[[[86.946,27.46],[87.013,27.436],[87.045,27.449],[87.063,27.441],[87.106,27.464],[87.137,27.453],[87.13,27.402],[87.193,27.356],[87.186,27.318],[87.209,27.282],[87.207,27.246],[87.275,27.172],[87.274,27.143],[87.184,27.068],[87.2,26.999],[87.164,26.962],[87.154,26.919],[87.132,26.923],[87.01,26.888],[86.953,26.904],[86.975,26.965],[86.961,26.981],[86.971,27.008],[86.953,27.03],[86.971,27.048],[86.954,27.081],[86.902,27.11],[86.928,27.157],[86.919,27.177],[86.931,27.202],[86.903,27.255],[86.92,27.268],[86.953,27.266],[86.988,27.306],[86.954,27.336],[86.951,27.353],[86.935,27.357],[86.934,27.387],[86.914,27.409],[86.91,27.432],[86.946,27.46]]]},"properties":{"type":"cover","year":2023,"areaHa":93600,"district":"Bhojpur"}},{"type":"Feature","geometry":{"type":"Polygon","coordinates":[[[87.407,27.138],[87.4,27.082],[87.445,27.003],[87.44,26.969],[87.496,26.981],[87.528,26.954],[87.531,26.891],[87.562,26.887],[87.591,26.86],[87.504,26.855],[87.488,26.868],[87.454,26.865],[87.435,26.886],[87.373,26.845],[87.326,26.854],[87.311,26.871],[87.26,26.866],[87.24,26.88],[87.212,26.865],[87.168,26.877],[87.15,26.933],[87.2,26.999],[87.182,27.063],[87.274,27.143],[87.269,27.178],[87.288,27.19],[87.317,27.182],[87.361,27.192],[87.407,27.138]]]},"properties":{"type":"cover","year":2023,"areaHa":88400,"district":"Dhankuta"}},{"type":"Feature","geometry":{"type":"Polygon","coordinates":[[[87.519,27.297],[87.68,27.27],[87.747,27.22],[87.751,27.205],[87.72,27.187],[87.702,27.147],[87.596,27.102],[87.543,27.049],[87.543,27.019],[87.507,26.984],[87.44,26.969],[87.445,27.003],[87.4,27.082],[87.405,27.154],[87.467,27.198],[87.48,27.251],[87.519,27.297]]]},"properties":{"type":"cover","year":2023,"areaHa":74200,"district":"Terhathum"}},{"type":"Feature","geometry":{"type":"Polygon","coordinates":[[[88.073,27.435],[88.051,27.405],[88.046,27.373],[88.067,27.334],[88.036,27.284],[88.016,27.216],[88.02,27.17],[87.993,27.128],[87.995,27.106],[87.921,27.099],[87.783,27.016],[87.739,27.015],[87.689,26.97],[87.684,26.947],[87.698,26.908],[87.688,26.882],[87.665,26.869],[87.589,26.86],[87.562,26.887],[87.532,26.89],[87.528,26.954],[87.495,26.981],[87.543,27.019],[87.54,27.045],[87.596,27.102],[87.702,27.147],[87.72,27.187],[87.751,27.205],[87.683,27.278],[87.698,27.291],[87.781,27.273],[87.844,27.286],[87.948,27.281],[88.004,27.325],[88.042,27.413],[88.073,27.435]]]},"properties":{"type":"cover","year":2023,"areaHa":102400,"district":"Panchthar"}},{"type":"Feature","geometry":{"type":"Polygon","coordinates":[[[87.995,27.106],[88.023,27.088],[88.039,27.038],[88.08,27.035],[88.116,26.987],[88.135,26.984],[88.122,26.951],[88.146,26.923],[88.14,26.896],[88.178,26.864],[88.171,26.846],[88.185,26.783],[88.168,26.784],[88.155,26.805],[88.151,26.776],[88.141,26.766],[88.134,26.774],[88.117,26.733],[88.093,26.764],[88.099,26.802],[88.082,26.786],[88.066,26.789],[88.051,26.75],[88.028,26.766],[88.021,26.748],[87.99,26.738],[87.984,26.719],[87.946,26.72],[87.926,26.696],[87.928,26.664],[87.882,26.682],[87.844,26.658],[87.817,26.67],[87.811,26.689],[87.783,26.684],[87.762,26.706],[87.69,26.734],[87.68,26.783],[87.658,26.798],[87.662,26.814],[87.598,26.862],[87.641,26.862],[87.688,26.882],[87.698,26.908],[87.684,26.947],[87.689,26.97],[87.742,27.017],[87.783,27.016],[87.921,27.099],[87.995,27.106]]]},"properties":{"type":"cover","year":2023,"areaHa":119800,"district":"Ilam"}},{"type":"Feature","geometry":{"type":"Polygon","coordinates":[[[87.666,27.808],[87.734,27.812],[87.78,27.865],[87.786,27.898],[87.827,27.921],[87.835,27.95],[87.858,27.947],[87.865,27.912],[87.932,27.917],[87.979,27.888],[88.033,27.905],[88.064,27.887],[88.087,27.892],[88.1,27.866],[88.141,27.881],[88.205,27.839],[88.177,27.82],[88.197,27.788],[88.181,27.746],[88.159,27.735],[88.147,27.667],[88.124,27.643],[88.112,27.605],[88.08,27.58],[88.061,27.512],[88.046,27.498],[88.073,27.435],[88.042,27.413],[88.004,27.325],[87.958,27.286],[87.871,27.278],[87.844,27.286],[87.781,27.273],[87.698,27.291],[87.681,27.269],[87.661,27.268],[87.555,27.285],[87.502,27.31],[87.46,27.371],[87.448,27.405],[87.487,27.566],[87.512,27.596],[87.531,27.594],[87.562,27.696],[87.609,27.673],[87.622,27.706],[87.643,27.711],[87.655,27.759],[87.67,27.77],[87.666,27.808]]]},"properties":{"type":"loss","year":2023,"areaHa":371,"district":"Taplejung"}},{"type":"Feature","geometry":{"type":"Polygon","coordinates":[[[87.666,27.808],[87.67,27.77],[87.655,27.759],[87.643,27.711],[87.622,27.706],[87.609,27.673],[87.562,27.696],[87.531,27.594],[87.512,27.596],[87.487,27.566],[87.448,27.399],[87.519,27.297],[87.48,27.251],[87.467,27.198],[87.41,27.163],[87.407,27.138],[87.361,27.192],[87.264,27.179],[87.212,27.238],[87.2,27.263],[87.211,27.268],[87.203,27.302],[87.186,27.318],[87.194,27.354],[87.13,27.402],[87.137,27.453],[87.106,27.464],[87.063,27.441],[87.045,27.449],[87.013,27.436],[86.946,27.46],[86.965,27.482],[86.947,27.517],[86.971,27.549],[86.955,27.574],[86.956,27.607],[86.988,27.652],[86.992,27.691],[87.014,27.728],[86.983,27.753],[86.992,27.794],[87.012,27.813],[86.985,27.828],[86.994,27.864],[86.972,27.905],[86.99,27.954],[87.04,27.949],[87.108,27.874],[87.113,27.845],[87.167,27.825],[87.227,27.821],[87.262,27.852],[87.319,27.827],[87.361,27.829],[87.373,27.846],[87.422,27.86],[87.431,27.845],[87.406,27.834],[87.453,27.824],[87.487,27.846],[87.541,27.846],[87.565,27.868],[87.586,27.856],[87.592,27.821],[87.613,27.813],[87.637,27.835],[87.667,27.838],[87.666,27.808]]]},"properties":{"type":"loss","year":2023,"areaHa":302,"district":"Sankhuwasabha"}},{"type":"Feature","geometry":{"type":"Polygon","coordinates":[[[86.518,27.957],[86.516,28.001],[86.535,28.05],[86.565,28.068],[86.564,28.106],[86.58,28.113],[86.607,28.101],[86.609,28.078],[86.635,28.073],[86.688,28.109],[86.738,28.105],[86.765,28.078],[86.754,28.066],[86.756,28.039],[86.777,28.038],[86.791,28.021],[86.869,28.027],[86.892,28],[86.927,27.99],[86.937,27.964],[86.989,27.953],[86.972,27.905],[86.994,27.864],[86.985,27.828],[87.012,27.813],[86.992,27.794],[86.983,27.753],[87.014,27.728],[86.992,27.691],[86.988,27.652],[86.956,27.607],[86.955,27.574],[86.971,27.549],[86.946,27.512],[86.965,27.482],[86.933,27.444],[86.877,27.431],[86.822,27.44],[86.753,27.398],[86.684,27.395],[86.683,27.37],[86.657,27.343],[86.582,27.345],[86.535,27.399],[86.46,27.453],[86.441,27.491],[86.425,27.487],[86.403,27.518],[86.359,27.527],[86.378,27.568],[86.438,27.608],[86.46,27.671],[86.495,27.694],[86.539,27.694],[86.575,27.758],[86.57,27.805],[86.544,27.814],[86.562,27.916],[86.518,27.957]]]},"properties":{"type":"loss","year":2023,"areaHa":232,"district":"Solukhumbu"}},{"type":"Feature","geometry":{"type":"Polygon","coordinates":[[[86.359,27.527],[86.403,27.518],[86.425,27.487],[86.441,27.491],[86.46,27.453],[86.535,27.399],[86.576,27.346],[86.65,27.341],[86.682,27.369],[86.687,27.314],[86.671,27.298],[86.674,27.274],[86.638,27.259],[86.623,27.239],[86.561,27.227],[86.52,27.192],[86.43,27.148],[86.42,27.168],[86.345,27.206],[86.341,27.231],[86.267,27.261],[86.227,27.238],[86.205,27.252],[86.243,27.291],[86.219,27.336],[86.24,27.416],[86.268,27.457],[86.359,27.527]]]},"properties":{"type":"loss","year":2023,"areaHa":255,"district":"Okhaldhunga"}},{"type":"Feature","geometry":{"type":"Polygon","coordinates":[[[86.911,27.433],[86.917,27.399],[86.934,27.387],[86.935,27.357],[86.988,27.308],[86.953,27.266],[86.92,27.268],[86.903,27.255],[86.931,27.202],[86.919,27.177],[86.928,27.157],[86.902,27.11],[86.966,27.064],[86.971,27.046],[86.953,27.025],[86.971,27.008],[86.961,26.981],[86.975,26.965],[86.953,26.904],[86.812,26.873],[86.779,26.887],[86.746,27.025],[86.699,27.098],[86.67,27.122],[86.589,27.154],[86.542,27.138],[86.514,27.113],[86.47,27.105],[86.429,27.139],[86.445,27.161],[86.52,27.192],[86.561,27.227],[86.623,27.239],[86.638,27.259],[86.674,27.274],[86.671,27.298],[86.687,27.314],[86.684,27.395],[86.753,27.398],[86.826,27.441],[86.911,27.433]]]},"properties":{"type":"loss","year":2023,"areaHa":313,"district":"Khotang"}},{"type":"Feature","geometry":{"type":"Polygon","coordinates":[[[86.946,27.46],[87.013,27.436],[87.045,27.449],[87.063,27.441],[87.106,27.464],[87.137,27.453],[87.13,27.402],[87.193,27.356],[87.186,27.318],[87.209,27.282],[87.207,27.246],[87.275,27.172],[87.274,27.143],[87.184,27.068],[87.2,26.999],[87.164,26.962],[87.154,26.919],[87.132,26.923],[87.01,26.888],[86.953,26.904],[86.975,26.965],[86.961,26.981],[86.971,27.008],[86.953,27.03],[86.971,27.048],[86.954,27.081],[86.902,27.11],[86.928,27.157],[86.919,27.177],[86.931,27.202],[86.903,27.255],[86.92,27.268],[86.953,27.266],[86.988,27.306],[86.954,27.336],[86.951,27.353],[86.935,27.357],[86.934,27.387],[86.914,27.409],[86.91,27.432],[86.946,27.46]]]},"properties":{"type":"loss","year":2023,"areaHa":267,"district":"Bhojpur"}},{"type":"Feature","geometry":{"type":"Polygon","coordinates":[[[87.407,27.138],[87.4,27.082],[87.445,27.003],[87.44,26.969],[87.496,26.981],[87.528,26.954],[87.531,26.891],[87.562,26.887],[87.591,26.86],[87.504,26.855],[87.488,26.868],[87.454,26.865],[87.435,26.886],[87.373,26.845],[87.326,26.854],[87.311,26.871],[87.26,26.866],[87.24,26.88],[87.212,26.865],[87.168,26.877],[87.15,26.933],[87.2,26.999],[87.182,27.063],[87.274,27.143],[87.269,27.178],[87.288,27.19],[87.317,27.182],[87.361,27.192],[87.407,27.138]]]},"properties":{"type":"loss","year":2023,"areaHa":244,"district":"Dhankuta"}},{"type":"Feature","geometry":{"type":"Polygon","coordinates":[[[87.519,27.297],[87.68,27.27],[87.747,27.22],[87.751,27.205],[87.72,27.187],[87.702,27.147],[87.596,27.102],[87.543,27.049],[87.543,27.019],[87.507,26.984],[87.44,26.969],[87.445,27.003],[87.4,27.082],[87.405,27.154],[87.467,27.198],[87.48,27.251],[87.519,27.297]]]},"properties":{"type":"loss","year":2023,"areaHa":209,"district":"Terhathum"}},{"type":"Feature","geometry":{"type":"Polygon","coordinates":[[[88.073,27.435],[88.051,27.405],[88.046,27.373],[88.067,27.334],[88.036,27.284],[88.016,27.216],[88.02,27.17],[87.993,27.128],[87.995,27.106],[87.921,27.099],[87.783,27.016],[87.739,27.015],[87.689,26.97],[87.684,26.947],[87.698,26.908],[87.688,26.882],[87.665,26.869],[87.589,26.86],[87.562,26.887],[87.532,26.89],[87.528,26.954],[87.495,26.981],[87.543,27.019],[87.54,27.045],[87.596,27.102],[87.702,27.147],[87.72,27.187],[87.751,27.205],[87.683,27.278],[87.698,27.291],[87.781,27.273],[87.844,27.286],[87.948,27.281],[88.004,27.325],[88.042,27.413],[88.073,27.435]]]},"properties":{"type":"loss","year":2023,"areaHa":336,"district":"Panchthar"}},{"type":"Feature","geometry":{"type":"Polygon","coordinates":[[[87.995,27.106],[88.023,27.088],[88.039,27.038],[88.08,27.035],[88.116,26.987],[88.135,26.984],[88.122,26.951],[88.146,26.923],[88.14,26.896],[88.178,26.864],[88.171,26.846],[88.185,26.783],[88.168,26.784],[88.155,26.805],[88.151,26.776],[88.141,26.766],[88.134,26.774],[88.117,26.733],[88.093,26.764],[88.099,26.802],[88.082,26.786],[88.066,26.789],[88.051,26.75],[88.028,26.766],[88.021,26.748],[87.99,26.738],[87.984,26.719],[87.946,26.72],[87.926,26.696],[87.928,26.664],[87.882,26.682],[87.844,26.658],[87.817,26.67],[87.811,26.689],[87.783,26.684],[87.762,26.706],[87.69,26.734],[87.68,26.783],[87.658,26.798],[87.662,26.814],[87.598,26.862],[87.641,26.862],[87.688,26.882],[87.698,26.908],[87.684,26.947],[87.689,26.97],[87.742,27.017],[87.783,27.016],[87.921,27.099],[87.995,27.106]]]},"properties":{"type":"loss","year":2023,"areaHa":394,"district":"Ilam"}},{"type":"Feature","geometry":{"type":"Polygon","coordinates":[[[87.666,27.808],[87.734,27.812],[87.78,27.865],[87.786,27.898],[87.827,27.921],[87.835,27.95],[87.858,27.947],[87.865,27.912],[87.932,27.917],[87.979,27.888],[88.033,27.905],[88.064,27.887],[88.087,27.892],[88.1,27.866],[88.141,27.881],[88.205,27.839],[88.177,27.82],[88.197,27.788],[88.181,27.746],[88.159,27.735],[88.147,27.667],[88.124,27.643],[88.112,27.605],[88.08,27.58],[88.061,27.512],[88.046,27.498],[88.073,27.435],[88.042,27.413],[88.004,27.325],[87.958,27.286],[87.871,27.278],[87.844,27.286],[87.781,27.273],[87.698,27.291],[87.681,27.269],[87.661,27.268],[87.555,27.285],[87.502,27.31],[87.46,27.371],[87.448,27.405],[87.487,27.566],[87.512,27.596],[87.531,27.594],[87.562,27.696],[87.609,27.673],[87.622,27.706],[87.643,27.711],[87.655,27.759],[87.67,27.77],[87.666,27.808]]]},"properties":{"type":"gain","year":2023,"areaHa":103,"district":"Taplejung"}},{"type":"Feature","geometry":{"type":"Polygon","coordinates":[[[87.666,27.808],[87.67,27.77],[87.655,27.759],[87.643,27.711],[87.622,27.706],[87.609,27.673],[87.562,27.696],[87.531,27.594],[87.512,27.596],[87.487,27.566],[87.448,27.399],[87.519,27.297],[87.48,27.251],[87.467,27.198],[87.41,27.163],[87.407,27.138],[87.361,27.192],[87.264,27.179],[87.212,27.238],[87.2,27.263],[87.211,27.268],[87.203,27.302],[87.186,27.318],[87.194,27.354],[87.13,27.402],[87.137,27.453],[87.106,27.464],[87.063,27.441],[87.045,27.449],[87.013,27.436],[86.946,27.46],[86.965,27.482],[86.947,27.517],[86.971,27.549],[86.955,27.574],[86.956,27.607],[86.988,27.652],[86.992,27.691],[87.014,27.728],[86.983,27.753],[86.992,27.794],[87.012,27.813],[86.985,27.828],[86.994,27.864],[86.972,27.905],[86.99,27.954],[87.04,27.949],[87.108,27.874],[87.113,27.845],[87.167,27.825],[87.227,27.821],[87.262,27.852],[87.319,27.827],[87.361,27.829],[87.373,27.846],[87.422,27.86],[87.431,27.845],[87.406,27.834],[87.453,27.824],[87.487,27.846],[87.541,27.846],[87.565,27.868],[87.586,27.856],[87.592,27.821],[87.613,27.813],[87.637,27.835],[87.667,27.838],[87.666,27.808]]]},"properties":{"type":"gain","year":2023,"areaHa":119,"district":"Sankhuwasabha"}},{"type":"Feature","geometry":{"type":"Polygon","coordinates":[[[86.518,27.957],[86.516,28.001],[86.535,28.05],[86.565,28.068],[86.564,28.106],[86.58,28.113],[86.607,28.101],[86.609,28.078],[86.635,28.073],[86.688,28.109],[86.738,28.105],[86.765,28.078],[86.754,28.066],[86.756,28.039],[86.777,28.038],[86.791,28.021],[86.869,28.027],[86.892,28],[86.927,27.99],[86.937,27.964],[86.989,27.953],[86.972,27.905],[86.994,27.864],[86.985,27.828],[87.012,27.813],[86.992,27.794],[86.983,27.753],[87.014,27.728],[86.992,27.691],[86.988,27.652],[86.956,27.607],[86.955,27.574],[86.971,27.549],[86.946,27.512],[86.965,27.482],[86.933,27.444],[86.877,27.431],[86.822,27.44],[86.753,27.398],[86.684,27.395],[86.683,27.37],[86.657,27.343],[86.582,27.345],[86.535,27.399],[86.46,27.453],[86.441,27.491],[86.425,27.487],[86.403,27.518],[86.359,27.527],[86.378,27.568],[86.438,27.608],[86.46,27.671],[86.495,27.694],[86.539,27.694],[86.575,27.758],[86.57,27.805],[86.544,27.814],[86.562,27.916],[86.518,27.957]]]},"properties":{"type":"gain","year":2023,"areaHa":97,"district":"Solukhumbu"}},{"type":"Feature","geometry":{"type":"Polygon","coordinates":[[[86.359,27.527],[86.403,27.518],[86.425,27.487],[86.441,27.491],[86.46,27.453],[86.535,27.399],[86.576,27.346],[86.65,27.341],[86.682,27.369],[86.687,27.314],[86.671,27.298],[86.674,27.274],[86.638,27.259],[86.623,27.239],[86.561,27.227],[86.52,27.192],[86.43,27.148],[86.42,27.168],[86.345,27.206],[86.341,27.231],[86.267,27.261],[86.227,27.238],[86.205,27.252],[86.243,27.291],[86.219,27.336],[86.24,27.416],[86.268,27.457],[86.359,27.527]]]},"properties":{"type":"gain","year":2023,"areaHa":70,"district":"Okhaldhunga"}},{"type":"Feature","geometry":{"type":"Polygon","coordinates":[[[86.911,27.433],[86.917,27.399],[86.934,27.387],[86.935,27.357],[86.988,27.308],[86.953,27.266],[86.92,27.268],[86.903,27.255],[86.931,27.202],[86.919,27.177],[86.928,27.157],[86.902,27.11],[86.966,27.064],[86.971,27.046],[86.953,27.025],[86.971,27.008],[86.961,26.981],[86.975,26.965],[86.953,26.904],[86.812,26.873],[86.779,26.887],[86.746,27.025],[86.699,27.098],[86.67,27.122],[86.589,27.154],[86.542,27.138],[86.514,27.113],[86.47,27.105],[86.429,27.139],[86.445,27.161],[86.52,27.192],[86.561,27.227],[86.623,27.239],[86.638,27.259],[86.674,27.274],[86.671,27.298],[86.687,27.314],[86.684,27.395],[86.753,27.398],[86.826,27.441],[86.911,27.433]]]},"properties":{"type":"gain","year":2023,"areaHa":92,"district":"Khotang"}},{"type":"Feature","geometry":{"type":"Polygon","coordinates":[[[86.946,27.46],[87.013,27.436],[87.045,27.449],[87.063,27.441],[87.106,27.464],[87.137,27.453],[87.13,27.402],[87.193,27.356],[87.186,27.318],[87.209,27.282],[87.207,27.246],[87.275,27.172],[87.274,27.143],[87.184,27.068],[87.2,26.999],[87.164,26.962],[87.154,26.919],[87.132,26.923],[87.01,26.888],[86.953,26.904],[86.975,26.965],[86.961,26.981],[86.971,27.008],[86.953,27.03],[86.971,27.048],[86.954,27.081],[86.902,27.11],[86.928,27.157],[86.919,27.177],[86.931,27.202],[86.903,27.255],[86.92,27.268],[86.953,27.266],[86.988,27.306],[86.954,27.336],[86.951,27.353],[86.935,27.357],[86.934,27.387],[86.914,27.409],[86.91,27.432],[86.946,27.46]]]},"properties":{"type":"gain","year":2023,"areaHa":81,"district":"Bhojpur"}},{"type":"Feature","geometry":{"type":"Polygon","coordinates":[[[87.407,27.138],[87.4,27.082],[87.445,27.003],[87.44,26.969],[87.496,26.981],[87.528,26.954],[87.531,26.891],[87.562,26.887],[87.591,26.86],[87.504,26.855],[87.488,26.868],[87.454,26.865],[87.435,26.886],[87.373,26.845],[87.326,26.854],[87.311,26.871],[87.26,26.866],[87.24,26.88],[87.212,26.865],[87.168,26.877],[87.15,26.933],[87.2,26.999],[87.182,27.063],[87.274,27.143],[87.269,27.178],[87.288,27.19],[87.317,27.182],[87.361,27.192],[87.407,27.138]]]},"properties":{"type":"gain","year":2023,"areaHa":76,"district":"Dhankuta"}},{"type":"Feature","geometry":{"type":"Polygon","coordinates":[[[87.519,27.297],[87.68,27.27],[87.747,27.22],[87.751,27.205],[87.72,27.187],[87.702,27.147],[87.596,27.102],[87.543,27.049],[87.543,27.019],[87.507,26.984],[87.44,26.969],[87.445,27.003],[87.4,27.082],[87.405,27.154],[87.467,27.198],[87.48,27.251],[87.519,27.297]]]},"properties":{"type":"gain","year":2023,"areaHa":65,"district":"Terhathum"}},{"type":"Feature","geometry":{"type":"Polygon","coordinates":[[[88.073,27.435],[88.051,27.405],[88.046,27.373],[88.067,27.334],[88.036,27.284],[88.016,27.216],[88.02,27.17],[87.993,27.128],[87.995,27.106],[87.921,27.099],[87.783,27.016],[87.739,27.015],[87.689,26.97],[87.684,26.947],[87.698,26.908],[87.688,26.882],[87.665,26.869],[87.589,26.86],[87.562,26.887],[87.532,26.89],[87.528,26.954],[87.495,26.981],[87.543,27.019],[87.54,27.045],[87.596,27.102],[87.702,27.147],[87.72,27.187],[87.751,27.205],[87.683,27.278],[87.698,27.291],[87.781,27.273],[87.844,27.286],[87.948,27.281],[88.004,27.325],[88.042,27.413],[88.073,27.435]]]},"properties":{"type":"gain","year":2023,"areaHa":86,"district":"Panchthar"}},{"type":"Feature","geometry":{"type":"Polygon","coordinates":[[[87.995,27.106],[88.023,27.088],[88.039,27.038],[88.08,27.035],[88.116,26.987],[88.135,26.984],[88.122,26.951],[88.146,26.923],[88.14,26.896],[88.178,26.864],[88.171,26.846],[88.185,26.783],[88.168,26.784],[88.155,26.805],[88.151,26.776],[88.141,26.766],[88.134,26.774],[88.117,26.733],[88.093,26.764],[88.099,26.802],[88.082,26.786],[88.066,26.789],[88.051,26.75],[88.028,26.766],[88.021,26.748],[87.99,26.738],[87.984,26.719],[87.946,26.72],[87.926,26.696],[87.928,26.664],[87.882,26.682],[87.844,26.658],[87.817,26.67],[87.811,26.689],[87.783,26.684],[87.762,26.706],[87.69,26.734],[87.68,26.783],[87.658,26.798],[87.662,26.814],[87.598,26.862],[87.641,26.862],[87.688,26.882],[87.698,26.908],[87.684,26.947],[87.689,26.97],[87.742,27.017],[87.783,27.016],[87.921,27.099],[87.995,27.106]]]},"properties":{"type":"gain","year":2023,"areaHa":130,"district":"Ilam"}},{"type":"Feature","geometry":{"type":"Polygon","coordinates":[[[87.666,27.808],[87.734,27.812],[87.78,27.865],[87.786,27.898],[87.827,27.921],[87.835,27.95],[87.858,27.947],[87.865,27.912],[87.932,27.917],[87.979,27.888],[88.033,27.905],[88.064,27.887],[88.087,27.892],[88.1,27.866],[88.141,27.881],[88.205,27.839],[88.177,27.82],[88.197,27.788],[88.181,27.746],[88.159,27.735],[88.147,27.667],[88.124,27.643],[88.112,27.605],[88.08,27.58],[88.061,27.512],[88.046,27.498],[88.073,27.435],[88.042,27.413],[88.004,27.325],[87.958,27.286],[87.871,27.278],[87.844,27.286],[87.781,27.273],[87.698,27.291],[87.681,27.269],[87.661,27.268],[87.555,27.285],[87.502,27.31],[87.46,27.371],[87.448,27.405],[87.487,27.566],[87.512,27.596],[87.531,27.594],[87.562,27.696],[87.609,27.673],[87.622,27.706],[87.643,27.711],[87.655,27.759],[87.67,27.77],[87.666,27.808]]]},"properties":{"type":"cover","year":2024,"areaHa":148200,"district":"Taplejung"}},{"type":"Feature","geometry":{"type":"Polygon","coordinates":[[[87.666,27.808],[87.67,27.77],[87.655,27.759],[87.643,27.711],[87.622,27.706],[87.609,27.673],[87.562,27.696],[87.531,27.594],[87.512,27.596],[87.487,27.566],[87.448,27.399],[87.519,27.297],[87.48,27.251],[87.467,27.198],[87.41,27.163],[87.407,27.138],[87.361,27.192],[87.264,27.179],[87.212,27.238],[87.2,27.263],[87.211,27.268],[87.203,27.302],[87.186,27.318],[87.194,27.354],[87.13,27.402],[87.137,27.453],[87.106,27.464],[87.063,27.441],[87.045,27.449],[87.013,27.436],[86.946,27.46],[86.965,27.482],[86.947,27.517],[86.971,27.549],[86.955,27.574],[86.956,27.607],[86.988,27.652],[86.992,27.691],[87.014,27.728],[86.983,27.753],[86.992,27.794],[87.012,27.813],[86.985,27.828],[86.994,27.864],[86.972,27.905],[86.99,27.954],[87.04,27.949],[87.108,27.874],[87.113,27.845],[87.167,27.825],[87.227,27.821],[87.262,27.852],[87.319,27.827],[87.361,27.829],[87.373,27.846],[87.422,27.86],[87.431,27.845],[87.406,27.834],[87.453,27.824],[87.487,27.846],[87.541,27.846],[87.565,27.868],[87.586,27.856],[87.592,27.821],[87.613,27.813],[87.637,27.835],[87.667,27.838],[87.666,27.808]]]},"properties":{"type":"cover","year":2024,"areaHa":162400,"district":"Sankhuwasabha"}},{"type":"Feature","geometry":{"type":"Polygon","coordinates":[[[86.518,27.957],[86.516,28.001],[86.535,28.05],[86.565,28.068],[86.564,28.106],[86.58,28.113],[86.607,28.101],[86.609,28.078],[86.635,28.073],[86.688,28.109],[86.738,28.105],[86.765,28.078],[86.754,28.066],[86.756,28.039],[86.777,28.038],[86.791,28.021],[86.869,28.027],[86.892,28],[86.927,27.99],[86.937,27.964],[86.989,27.953],[86.972,27.905],[86.994,27.864],[86.985,27.828],[87.012,27.813],[86.992,27.794],[86.983,27.753],[87.014,27.728],[86.992,27.691],[86.988,27.652],[86.956,27.607],[86.955,27.574],[86.971,27.549],[86.946,27.512],[86.965,27.482],[86.933,27.444],[86.877,27.431],[86.822,27.44],[86.753,27.398],[86.684,27.395],[86.683,27.37],[86.657,27.343],[86.582,27.345],[86.535,27.399],[86.46,27.453],[86.441,27.491],[86.425,27.487],[86.403,27.518],[86.359,27.527],[86.378,27.568],[86.438,27.608],[86.46,27.671],[86.495,27.694],[86.539,27.694],[86.575,27.758],[86.57,27.805],[86.544,27.814],[86.562,27.916],[86.518,27.957]]]},"properties":{"type":"cover","year":2024,"areaHa":136800,"district":"Solukhumbu"}},{"type":"Feature","geometry":{"type":"Polygon","coordinates":[[[86.359,27.527],[86.403,27.518],[86.425,27.487],[86.441,27.491],[86.46,27.453],[86.535,27.399],[86.576,27.346],[86.65,27.341],[86.682,27.369],[86.687,27.314],[86.671,27.298],[86.674,27.274],[86.638,27.259],[86.623,27.239],[86.561,27.227],[86.52,27.192],[86.43,27.148],[86.42,27.168],[86.345,27.206],[86.341,27.231],[86.267,27.261],[86.227,27.238],[86.205,27.252],[86.243,27.291],[86.219,27.336],[86.24,27.416],[86.268,27.457],[86.359,27.527]]]},"properties":{"type":"cover","year":2024,"areaHa":79200,"district":"Okhaldhunga"}},{"type":"Feature","geometry":{"type":"Polygon","coordinates":[[[86.911,27.433],[86.917,27.399],[86.934,27.387],[86.935,27.357],[86.988,27.308],[86.953,27.266],[86.92,27.268],[86.903,27.255],[86.931,27.202],[86.919,27.177],[86.928,27.157],[86.902,27.11],[86.966,27.064],[86.971,27.046],[86.953,27.025],[86.971,27.008],[86.961,26.981],[86.975,26.965],[86.953,26.904],[86.812,26.873],[86.779,26.887],[86.746,27.025],[86.699,27.098],[86.67,27.122],[86.589,27.154],[86.542,27.138],[86.514,27.113],[86.47,27.105],[86.429,27.139],[86.445,27.161],[86.52,27.192],[86.561,27.227],[86.623,27.239],[86.638,27.259],[86.674,27.274],[86.671,27.298],[86.687,27.314],[86.684,27.395],[86.753,27.398],[86.826,27.441],[86.911,27.433]]]},"properties":{"type":"cover","year":2024,"areaHa":104200,"district":"Khotang"}},{"type":"Feature","geometry":{"type":"Polygon","coordinates":[[[86.946,27.46],[87.013,27.436],[87.045,27.449],[87.063,27.441],[87.106,27.464],[87.137,27.453],[87.13,27.402],[87.193,27.356],[87.186,27.318],[87.209,27.282],[87.207,27.246],[87.275,27.172],[87.274,27.143],[87.184,27.068],[87.2,26.999],[87.164,26.962],[87.154,26.919],[87.132,26.923],[87.01,26.888],[86.953,26.904],[86.975,26.965],[86.961,26.981],[86.971,27.008],[86.953,27.03],[86.971,27.048],[86.954,27.081],[86.902,27.11],[86.928,27.157],[86.919,27.177],[86.931,27.202],[86.903,27.255],[86.92,27.268],[86.953,27.266],[86.988,27.306],[86.954,27.336],[86.951,27.353],[86.935,27.357],[86.934,27.387],[86.914,27.409],[86.91,27.432],[86.946,27.46]]]},"properties":{"type":"cover","year":2024,"areaHa":93600,"district":"Bhojpur"}},{"type":"Feature","geometry":{"type":"Polygon","coordinates":[[[87.407,27.138],[87.4,27.082],[87.445,27.003],[87.44,26.969],[87.496,26.981],[87.528,26.954],[87.531,26.891],[87.562,26.887],[87.591,26.86],[87.504,26.855],[87.488,26.868],[87.454,26.865],[87.435,26.886],[87.373,26.845],[87.326,26.854],[87.311,26.871],[87.26,26.866],[87.24,26.88],[87.212,26.865],[87.168,26.877],[87.15,26.933],[87.2,26.999],[87.182,27.063],[87.274,27.143],[87.269,27.178],[87.288,27.19],[87.317,27.182],[87.361,27.192],[87.407,27.138]]]},"properties":{"type":"cover","year":2024,"areaHa":88400,"district":"Dhankuta"}},{"type":"Feature","geometry":{"type":"Polygon","coordinates":[[[87.519,27.297],[87.68,27.27],[87.747,27.22],[87.751,27.205],[87.72,27.187],[87.702,27.147],[87.596,27.102],[87.543,27.049],[87.543,27.019],[87.507,26.984],[87.44,26.969],[87.445,27.003],[87.4,27.082],[87.405,27.154],[87.467,27.198],[87.48,27.251],[87.519,27.297]]]},"properties":{"type":"cover","year":2024,"areaHa":74200,"district":"Terhathum"}},{"type":"Feature","geometry":{"type":"Polygon","coordinates":[[[88.073,27.435],[88.051,27.405],[88.046,27.373],[88.067,27.334],[88.036,27.284],[88.016,27.216],[88.02,27.17],[87.993,27.128],[87.995,27.106],[87.921,27.099],[87.783,27.016],[87.739,27.015],[87.689,26.97],[87.684,26.947],[87.698,26.908],[87.688,26.882],[87.665,26.869],[87.589,26.86],[87.562,26.887],[87.532,26.89],[87.528,26.954],[87.495,26.981],[87.543,27.019],[87.54,27.045],[87.596,27.102],[87.702,27.147],[87.72,27.187],[87.751,27.205],[87.683,27.278],[87.698,27.291],[87.781,27.273],[87.844,27.286],[87.948,27.281],[88.004,27.325],[88.042,27.413],[88.073,27.435]]]},"properties":{"type":"cover","year":2024,"areaHa":102400,"district":"Panchthar"}},{"type":"Feature","geometry":{"type":"Polygon","coordinates":[[[87.995,27.106],[88.023,27.088],[88.039,27.038],[88.08,27.035],[88.116,26.987],[88.135,26.984],[88.122,26.951],[88.146,26.923],[88.14,26.896],[88.178,26.864],[88.171,26.846],[88.185,26.783],[88.168,26.784],[88.155,26.805],[88.151,26.776],[88.141,26.766],[88.134,26.774],[88.117,26.733],[88.093,26.764],[88.099,26.802],[88.082,26.786],[88.066,26.789],[88.051,26.75],[88.028,26.766],[88.021,26.748],[87.99,26.738],[87.984,26.719],[87.946,26.72],[87.926,26.696],[87.928,26.664],[87.882,26.682],[87.844,26.658],[87.817,26.67],[87.811,26.689],[87.783,26.684],[87.762,26.706],[87.69,26.734],[87.68,26.783],[87.658,26.798],[87.662,26.814],[87.598,26.862],[87.641,26.862],[87.688,26.882],[87.698,26.908],[87.684,26.947],[87.689,26.97],[87.742,27.017],[87.783,27.016],[87.921,27.099],[87.995,27.106]]]},"properties":{"type":"cover","year":2024,"areaHa":119800,"district":"Ilam"}},{"type":"Feature","geometry":{"type":"Polygon","coordinates":[[[87.666,27.808],[87.734,27.812],[87.78,27.865],[87.786,27.898],[87.827,27.921],[87.835,27.95],[87.858,27.947],[87.865,27.912],[87.932,27.917],[87.979,27.888],[88.033,27.905],[88.064,27.887],[88.087,27.892],[88.1,27.866],[88.141,27.881],[88.205,27.839],[88.177,27.82],[88.197,27.788],[88.181,27.746],[88.159,27.735],[88.147,27.667],[88.124,27.643],[88.112,27.605],[88.08,27.58],[88.061,27.512],[88.046,27.498],[88.073,27.435],[88.042,27.413],[88.004,27.325],[87.958,27.286],[87.871,27.278],[87.844,27.286],[87.781,27.273],[87.698,27.291],[87.681,27.269],[87.661,27.268],[87.555,27.285],[87.502,27.31],[87.46,27.371],[87.448,27.405],[87.487,27.566],[87.512,27.596],[87.531,27.594],[87.562,27.696],[87.609,27.673],[87.622,27.706],[87.643,27.711],[87.655,27.759],[87.67,27.77],[87.666,27.808]]]},"properties":{"type":"loss","year":2024,"areaHa":378,"district":"Taplejung"}},{"type":"Feature","geometry":{"type":"Polygon","coordinates":[[[87.666,27.808],[87.67,27.77],[87.655,27.759],[87.643,27.711],[87.622,27.706],[87.609,27.673],[87.562,27.696],[87.531,27.594],[87.512,27.596],[87.487,27.566],[87.448,27.399],[87.519,27.297],[87.48,27.251],[87.467,27.198],[87.41,27.163],[87.407,27.138],[87.361,27.192],[87.264,27.179],[87.212,27.238],[87.2,27.263],[87.211,27.268],[87.203,27.302],[87.186,27.318],[87.194,27.354],[87.13,27.402],[87.137,27.453],[87.106,27.464],[87.063,27.441],[87.045,27.449],[87.013,27.436],[86.946,27.46],[86.965,27.482],[86.947,27.517],[86.971,27.549],[86.955,27.574],[86.956,27.607],[86.988,27.652],[86.992,27.691],[87.014,27.728],[86.983,27.753],[86.992,27.794],[87.012,27.813],[86.985,27.828],[86.994,27.864],[86.972,27.905],[86.99,27.954],[87.04,27.949],[87.108,27.874],[87.113,27.845],[87.167,27.825],[87.227,27.821],[87.262,27.852],[87.319,27.827],[87.361,27.829],[87.373,27.846],[87.422,27.86],[87.431,27.845],[87.406,27.834],[87.453,27.824],[87.487,27.846],[87.541,27.846],[87.565,27.868],[87.586,27.856],[87.592,27.821],[87.613,27.813],[87.637,27.835],[87.667,27.838],[87.666,27.808]]]},"properties":{"type":"loss","year":2024,"areaHa":307,"district":"Sankhuwasabha"}},{"type":"Feature","geometry":{"type":"Polygon","coordinates":[[[86.518,27.957],[86.516,28.001],[86.535,28.05],[86.565,28.068],[86.564,28.106],[86.58,28.113],[86.607,28.101],[86.609,28.078],[86.635,28.073],[86.688,28.109],[86.738,28.105],[86.765,28.078],[86.754,28.066],[86.756,28.039],[86.777,28.038],[86.791,28.021],[86.869,28.027],[86.892,28],[86.927,27.99],[86.937,27.964],[86.989,27.953],[86.972,27.905],[86.994,27.864],[86.985,27.828],[87.012,27.813],[86.992,27.794],[86.983,27.753],[87.014,27.728],[86.992,27.691],[86.988,27.652],[86.956,27.607],[86.955,27.574],[86.971,27.549],[86.946,27.512],[86.965,27.482],[86.933,27.444],[86.877,27.431],[86.822,27.44],[86.753,27.398],[86.684,27.395],[86.683,27.37],[86.657,27.343],[86.582,27.345],[86.535,27.399],[86.46,27.453],[86.441,27.491],[86.425,27.487],[86.403,27.518],[86.359,27.527],[86.378,27.568],[86.438,27.608],[86.46,27.671],[86.495,27.694],[86.539,27.694],[86.575,27.758],[86.57,27.805],[86.544,27.814],[86.562,27.916],[86.518,27.957]]]},"properties":{"type":"loss","year":2024,"areaHa":236,"district":"Solukhumbu"}},{"type":"Feature","geometry":{"type":"Polygon","coordinates":[[[86.359,27.527],[86.403,27.518],[86.425,27.487],[86.441,27.491],[86.46,27.453],[86.535,27.399],[86.576,27.346],[86.65,27.341],[86.682,27.369],[86.687,27.314],[86.671,27.298],[86.674,27.274],[86.638,27.259],[86.623,27.239],[86.561,27.227],[86.52,27.192],[86.43,27.148],[86.42,27.168],[86.345,27.206],[86.341,27.231],[86.267,27.261],[86.227,27.238],[86.205,27.252],[86.243,27.291],[86.219,27.336],[86.24,27.416],[86.268,27.457],[86.359,27.527]]]},"properties":{"type":"loss","year":2024,"areaHa":260,"district":"Okhaldhunga"}},{"type":"Feature","geometry":{"type":"Polygon","coordinates":[[[86.911,27.433],[86.917,27.399],[86.934,27.387],[86.935,27.357],[86.988,27.308],[86.953,27.266],[86.92,27.268],[86.903,27.255],[86.931,27.202],[86.919,27.177],[86.928,27.157],[86.902,27.11],[86.966,27.064],[86.971,27.046],[86.953,27.025],[86.971,27.008],[86.961,26.981],[86.975,26.965],[86.953,26.904],[86.812,26.873],[86.779,26.887],[86.746,27.025],[86.699,27.098],[86.67,27.122],[86.589,27.154],[86.542,27.138],[86.514,27.113],[86.47,27.105],[86.429,27.139],[86.445,27.161],[86.52,27.192],[86.561,27.227],[86.623,27.239],[86.638,27.259],[86.674,27.274],[86.671,27.298],[86.687,27.314],[86.684,27.395],[86.753,27.398],[86.826,27.441],[86.911,27.433]]]},"properties":{"type":"loss","year":2024,"areaHa":319,"district":"Khotang"}},{"type":"Feature","geometry":{"type":"Polygon","coordinates":[[[86.946,27.46],[87.013,27.436],[87.045,27.449],[87.063,27.441],[87.106,27.464],[87.137,27.453],[87.13,27.402],[87.193,27.356],[87.186,27.318],[87.209,27.282],[87.207,27.246],[87.275,27.172],[87.274,27.143],[87.184,27.068],[87.2,26.999],[87.164,26.962],[87.154,26.919],[87.132,26.923],[87.01,26.888],[86.953,26.904],[86.975,26.965],[86.961,26.981],[86.971,27.008],[86.953,27.03],[86.971,27.048],[86.954,27.081],[86.902,27.11],[86.928,27.157],[86.919,27.177],[86.931,27.202],[86.903,27.255],[86.92,27.268],[86.953,27.266],[86.988,27.306],[86.954,27.336],[86.951,27.353],[86.935,27.357],[86.934,27.387],[86.914,27.409],[86.91,27.432],[86.946,27.46]]]},"properties":{"type":"loss","year":2024,"areaHa":271,"district":"Bhojpur"}},{"type":"Feature","geometry":{"type":"Polygon","coordinates":[[[87.407,27.138],[87.4,27.082],[87.445,27.003],[87.44,26.969],[87.496,26.981],[87.528,26.954],[87.531,26.891],[87.562,26.887],[87.591,26.86],[87.504,26.855],[87.488,26.868],[87.454,26.865],[87.435,26.886],[87.373,26.845],[87.326,26.854],[87.311,26.871],[87.26,26.866],[87.24,26.88],[87.212,26.865],[87.168,26.877],[87.15,26.933],[87.2,26.999],[87.182,27.063],[87.274,27.143],[87.269,27.178],[87.288,27.19],[87.317,27.182],[87.361,27.192],[87.407,27.138]]]},"properties":{"type":"loss","year":2024,"areaHa":248,"district":"Dhankuta"}},{"type":"Feature","geometry":{"type":"Polygon","coordinates":[[[87.519,27.297],[87.68,27.27],[87.747,27.22],[87.751,27.205],[87.72,27.187],[87.702,27.147],[87.596,27.102],[87.543,27.049],[87.543,27.019],[87.507,26.984],[87.44,26.969],[87.445,27.003],[87.4,27.082],[87.405,27.154],[87.467,27.198],[87.48,27.251],[87.519,27.297]]]},"properties":{"type":"loss","year":2024,"areaHa":212,"district":"Terhathum"}},{"type":"Feature","geometry":{"type":"Polygon","coordinates":[[[88.073,27.435],[88.051,27.405],[88.046,27.373],[88.067,27.334],[88.036,27.284],[88.016,27.216],[88.02,27.17],[87.993,27.128],[87.995,27.106],[87.921,27.099],[87.783,27.016],[87.739,27.015],[87.689,26.97],[87.684,26.947],[87.698,26.908],[87.688,26.882],[87.665,26.869],[87.589,26.86],[87.562,26.887],[87.532,26.89],[87.528,26.954],[87.495,26.981],[87.543,27.019],[87.54,27.045],[87.596,27.102],[87.702,27.147],[87.72,27.187],[87.751,27.205],[87.683,27.278],[87.698,27.291],[87.781,27.273],[87.844,27.286],[87.948,27.281],[88.004,27.325],[88.042,27.413],[88.073,27.435]]]},"properties":{"type":"loss","year":2024,"areaHa":342,"district":"Panchthar"}},{"type":"Feature","geometry":{"type":"Polygon","coordinates":[[[87.995,27.106],[88.023,27.088],[88.039,27.038],[88.08,27.035],[88.116,26.987],[88.135,26.984],[88.122,26.951],[88.146,26.923],[88.14,26.896],[88.178,26.864],[88.171,26.846],[88.185,26.783],[88.168,26.784],[88.155,26.805],[88.151,26.776],[88.141,26.766],[88.134,26.774],[88.117,26.733],[88.093,26.764],[88.099,26.802],[88.082,26.786],[88.066,26.789],[88.051,26.75],[88.028,26.766],[88.021,26.748],[87.99,26.738],[87.984,26.719],[87.946,26.72],[87.926,26.696],[87.928,26.664],[87.882,26.682],[87.844,26.658],[87.817,26.67],[87.811,26.689],[87.783,26.684],[87.762,26.706],[87.69,26.734],[87.68,26.783],[87.658,26.798],[87.662,26.814],[87.598,26.862],[87.641,26.862],[87.688,26.882],[87.698,26.908],[87.684,26.947],[87.689,26.97],[87.742,27.017],[87.783,27.016],[87.921,27.099],[87.995,27.106]]]},"properties":{"type":"loss","year":2024,"areaHa":401,"district":"Ilam"}},{"type":"Feature","geometry":{"type":"Polygon","coordinates":[[[87.666,27.808],[87.734,27.812],[87.78,27.865],[87.786,27.898],[87.827,27.921],[87.835,27.95],[87.858,27.947],[87.865,27.912],[87.932,27.917],[87.979,27.888],[88.033,27.905],[88.064,27.887],[88.087,27.892],[88.1,27.866],[88.141,27.881],[88.205,27.839],[88.177,27.82],[88.197,27.788],[88.181,27.746],[88.159,27.735],[88.147,27.667],[88.124,27.643],[88.112,27.605],[88.08,27.58],[88.061,27.512],[88.046,27.498],[88.073,27.435],[88.042,27.413],[88.004,27.325],[87.958,27.286],[87.871,27.278],[87.844,27.286],[87.781,27.273],[87.698,27.291],[87.681,27.269],[87.661,27.268],[87.555,27.285],[87.502,27.31],[87.46,27.371],[87.448,27.405],[87.487,27.566],[87.512,27.596],[87.531,27.594],[87.562,27.696],[87.609,27.673],[87.622,27.706],[87.643,27.711],[87.655,27.759],[87.67,27.77],[87.666,27.808]]]},"properties":{"type":"gain","year":2024,"areaHa":104,"district":"Taplejung"}},{"type":"Feature","geometry":{"type":"Polygon","coordinates":[[[87.666,27.808],[87.67,27.77],[87.655,27.759],[87.643,27.711],[87.622,27.706],[87.609,27.673],[87.562,27.696],[87.531,27.594],[87.512,27.596],[87.487,27.566],[87.448,27.399],[87.519,27.297],[87.48,27.251],[87.467,27.198],[87.41,27.163],[87.407,27.138],[87.361,27.192],[87.264,27.179],[87.212,27.238],[87.2,27.263],[87.211,27.268],[87.203,27.302],[87.186,27.318],[87.194,27.354],[87.13,27.402],[87.137,27.453],[87.106,27.464],[87.063,27.441],[87.045,27.449],[87.013,27.436],[86.946,27.46],[86.965,27.482],[86.947,27.517],[86.971,27.549],[86.955,27.574],[86.956,27.607],[86.988,27.652],[86.992,27.691],[87.014,27.728],[86.983,27.753],[86.992,27.794],[87.012,27.813],[86.985,27.828],[86.994,27.864],[86.972,27.905],[86.99,27.954],[87.04,27.949],[87.108,27.874],[87.113,27.845],[87.167,27.825],[87.227,27.821],[87.262,27.852],[87.319,27.827],[87.361,27.829],[87.373,27.846],[87.422,27.86],[87.431,27.845],[87.406,27.834],[87.453,27.824],[87.487,27.846],[87.541,27.846],[87.565,27.868],[87.586,27.856],[87.592,27.821],[87.613,27.813],[87.637,27.835],[87.667,27.838],[87.666,27.808]]]},"properties":{"type":"gain","year":2024,"areaHa":120,"district":"Sankhuwasabha"}},{"type":"Feature","geometry":{"type":"Polygon","coordinates":[[[86.518,27.957],[86.516,28.001],[86.535,28.05],[86.565,28.068],[86.564,28.106],[86.58,28.113],[86.607,28.101],[86.609,28.078],[86.635,28.073],[86.688,28.109],[86.738,28.105],[86.765,28.078],[86.754,28.066],[86.756,28.039],[86.777,28.038],[86.791,28.021],[86.869,28.027],[86.892,28],[86.927,27.99],[86.937,27.964],[86.989,27.953],[86.972,27.905],[86.994,27.864],[86.985,27.828],[87.012,27.813],[86.992,27.794],[86.983,27.753],[87.014,27.728],[86.992,27.691],[86.988,27.652],[86.956,27.607],[86.955,27.574],[86.971,27.549],[86.946,27.512],[86.965,27.482],[86.933,27.444],[86.877,27.431],[86.822,27.44],[86.753,27.398],[86.684,27.395],[86.683,27.37],[86.657,27.343],[86.582,27.345],[86.535,27.399],[86.46,27.453],[86.441,27.491],[86.425,27.487],[86.403,27.518],[86.359,27.527],[86.378,27.568],[86.438,27.608],[86.46,27.671],[86.495,27.694],[86.539,27.694],[86.575,27.758],[86.57,27.805],[86.544,27.814],[86.562,27.916],[86.518,27.957]]]},"properties":{"type":"gain","year":2024,"areaHa":98,"district":"Solukhumbu"}},{"type":"Feature","geometry":{"type":"Polygon","coordinates":[[[86.359,27.527],[86.403,27.518],[86.425,27.487],[86.441,27.491],[86.46,27.453],[86.535,27.399],[86.576,27.346],[86.65,27.341],[86.682,27.369],[86.687,27.314],[86.671,27.298],[86.674,27.274],[86.638,27.259],[86.623,27.239],[86.561,27.227],[86.52,27.192],[86.43,27.148],[86.42,27.168],[86.345,27.206],[86.341,27.231],[86.267,27.261],[86.227,27.238],[86.205,27.252],[86.243,27.291],[86.219,27.336],[86.24,27.416],[86.268,27.457],[86.359,27.527]]]},"properties":{"type":"gain","year":2024,"areaHa":71,"district":"Okhaldhunga"}},{"type":"Feature","geometry":{"type":"Polygon","coordinates":[[[86.911,27.433],[86.917,27.399],[86.934,27.387],[86.935,27.357],[86.988,27.308],[86.953,27.266],[86.92,27.268],[86.903,27.255],[86.931,27.202],[86.919,27.177],[86.928,27.157],[86.902,27.11],[86.966,27.064],[86.971,27.046],[86.953,27.025],[86.971,27.008],[86.961,26.981],[86.975,26.965],[86.953,26.904],[86.812,26.873],[86.779,26.887],[86.746,27.025],[86.699,27.098],[86.67,27.122],[86.589,27.154],[86.542,27.138],[86.514,27.113],[86.47,27.105],[86.429,27.139],[86.445,27.161],[86.52,27.192],[86.561,27.227],[86.623,27.239],[86.638,27.259],[86.674,27.274],[86.671,27.298],[86.687,27.314],[86.684,27.395],[86.753,27.398],[86.826,27.441],[86.911,27.433]]]},"properties":{"type":"gain","year":2024,"areaHa":93,"district":"Khotang"}},{"type":"Feature","geometry":{"type":"Polygon","coordinates":[[[86.946,27.46],[87.013,27.436],[87.045,27.449],[87.063,27.441],[87.106,27.464],[87.137,27.453],[87.13,27.402],[87.193,27.356],[87.186,27.318],[87.209,27.282],[87.207,27.246],[87.275,27.172],[87.274,27.143],[87.184,27.068],[87.2,26.999],[87.164,26.962],[87.154,26.919],[87.132,26.923],[87.01,26.888],[86.953,26.904],[86.975,26.965],[86.961,26.981],[86.971,27.008],[86.953,27.03],[86.971,27.048],[86.954,27.081],[86.902,27.11],[86.928,27.157],[86.919,27.177],[86.931,27.202],[86.903,27.255],[86.92,27.268],[86.953,27.266],[86.988,27.306],[86.954,27.336],[86.951,27.353],[86.935,27.357],[86.934,27.387],[86.914,27.409],[86.91,27.432],[86.946,27.46]]]},"properties":{"type":"gain","year":2024,"areaHa":82,"district":"Bhojpur"}},{"type":"Feature","geometry":{"type":"Polygon","coordinates":[[[87.407,27.138],[87.4,27.082],[87.445,27.003],[87.44,26.969],[87.496,26.981],[87.528,26.954],[87.531,26.891],[87.562,26.887],[87.591,26.86],[87.504,26.855],[87.488,26.868],[87.454,26.865],[87.435,26.886],[87.373,26.845],[87.326,26.854],[87.311,26.871],[87.26,26.866],[87.24,26.88],[87.212,26.865],[87.168,26.877],[87.15,26.933],[87.2,26.999],[87.182,27.063],[87.274,27.143],[87.269,27.178],[87.288,27.19],[87.317,27.182],[87.361,27.192],[87.407,27.138]]]},"properties":{"type":"gain","year":2024,"areaHa":76,"district":"Dhankuta"}},{"type":"Feature","geometry":{"type":"Polygon","coordinates":[[[87.519,27.297],[87.68,27.27],[87.747,27.22],[87.751,27.205],[87.72,27.187],[87.702,27.147],[87.596,27.102],[87.543,27.049],[87.543,27.019],[87.507,26.984],[87.44,26.969],[87.445,27.003],[87.4,27.082],[87.405,27.154],[87.467,27.198],[87.48,27.251],[87.519,27.297]]]},"properties":{"type":"gain","year":2024,"areaHa":65,"district":"Terhathum"}},{"type":"Feature","geometry":{"type":"Polygon","coordinates":[[[88.073,27.435],[88.051,27.405],[88.046,27.373],[88.067,27.334],[88.036,27.284],[88.016,27.216],[88.02,27.17],[87.993,27.128],[87.995,27.106],[87.921,27.099],[87.783,27.016],[87.739,27.015],[87.689,26.97],[87.684,26.947],[87.698,26.908],[87.688,26.882],[87.665,26.869],[87.589,26.86],[87.562,26.887],[87.532,26.89],[87.528,26.954],[87.495,26.981],[87.543,27.019],[87.54,27.045],[87.596,27.102],[87.702,27.147],[87.72,27.187],[87.751,27.205],[87.683,27.278],[87.698,27.291],[87.781,27.273],[87.844,27.286],[87.948,27.281],[88.004,27.325],[88.042,27.413],[88.073,27.435]]]},"properties":{"type":"gain","year":2024,"areaHa":87,"district":"Panchthar"}},{"type":"Feature","geometry":{"type":"Polygon","coordinates":[[[87.995,27.106],[88.023,27.088],[88.039,27.038],[88.08,27.035],[88.116,26.987],[88.135,26.984],[88.122,26.951],[88.146,26.923],[88.14,26.896],[88.178,26.864],[88.171,26.846],[88.185,26.783],[88.168,26.784],[88.155,26.805],[88.151,26.776],[88.141,26.766],[88.134,26.774],[88.117,26.733],[88.093,26.764],[88.099,26.802],[88.082,26.786],[88.066,26.789],[88.051,26.75],[88.028,26.766],[88.021,26.748],[87.99,26.738],[87.984,26.719],[87.946,26.72],[87.926,26.696],[87.928,26.664],[87.882,26.682],[87.844,26.658],[87.817,26.67],[87.811,26.689],[87.783,26.684],[87.762,26.706],[87.69,26.734],[87.68,26.783],[87.658,26.798],[87.662,26.814],[87.598,26.862],[87.641,26.862],[87.688,26.882],[87.698,26.908],[87.684,26.947],[87.689,26.97],[87.742,27.017],[87.783,27.016],[87.921,27.099],[87.995,27.106]]]},"properties":{"type":"gain","year":2024,"areaHa":131,"district":"Ilam"}},{"type":"Feature","geometry":{"type":"Polygon","coordinates":[[[87.666,27.808],[87.734,27.812],[87.78,27.865],[87.786,27.898],[87.827,27.921],[87.835,27.95],[87.858,27.947],[87.865,27.912],[87.932,27.917],[87.979,27.888],[88.033,27.905],[88.064,27.887],[88.087,27.892],[88.1,27.866],[88.141,27.881],[88.205,27.839],[88.177,27.82],[88.197,27.788],[88.181,27.746],[88.159,27.735],[88.147,27.667],[88.124,27.643],[88.112,27.605],[88.08,27.58],[88.061,27.512],[88.046,27.498],[88.073,27.435],[88.042,27.413],[88.004,27.325],[87.958,27.286],[87.871,27.278],[87.844,27.286],[87.781,27.273],[87.698,27.291],[87.681,27.269],[87.661,27.268],[87.555,27.285],[87.502,27.31],[87.46,27.371],[87.448,27.405],[87.487,27.566],[87.512,27.596],[87.531,27.594],[87.562,27.696],[87.609,27.673],[87.622,27.706],[87.643,27.711],[87.655,27.759],[87.67,27.77],[87.666,27.808]]]},"properties":{"type":"cover","year":2025,"areaHa":148200,"district":"Taplejung"}},{"type":"Feature","geometry":{"type":"Polygon","coordinates":[[[87.666,27.808],[87.67,27.77],[87.655,27.759],[87.643,27.711],[87.622,27.706],[87.609,27.673],[87.562,27.696],[87.531,27.594],[87.512,27.596],[87.487,27.566],[87.448,27.399],[87.519,27.297],[87.48,27.251],[87.467,27.198],[87.41,27.163],[87.407,27.138],[87.361,27.192],[87.264,27.179],[87.212,27.238],[87.2,27.263],[87.211,27.268],[87.203,27.302],[87.186,27.318],[87.194,27.354],[87.13,27.402],[87.137,27.453],[87.106,27.464],[87.063,27.441],[87.045,27.449],[87.013,27.436],[86.946,27.46],[86.965,27.482],[86.947,27.517],[86.971,27.549],[86.955,27.574],[86.956,27.607],[86.988,27.652],[86.992,27.691],[87.014,27.728],[86.983,27.753],[86.992,27.794],[87.012,27.813],[86.985,27.828],[86.994,27.864],[86.972,27.905],[86.99,27.954],[87.04,27.949],[87.108,27.874],[87.113,27.845],[87.167,27.825],[87.227,27.821],[87.262,27.852],[87.319,27.827],[87.361,27.829],[87.373,27.846],[87.422,27.86],[87.431,27.845],[87.406,27.834],[87.453,27.824],[87.487,27.846],[87.541,27.846],[87.565,27.868],[87.586,27.856],[87.592,27.821],[87.613,27.813],[87.637,27.835],[87.667,27.838],[87.666,27.808]]]},"properties":{"type":"cover","year":2025,"areaHa":162400,"district":"Sankhuwasabha"}},{"type":"Feature","geometry":{"type":"Polygon","coordinates":[[[86.518,27.957],[86.516,28.001],[86.535,28.05],[86.565,28.068],[86.564,28.106],[86.58,28.113],[86.607,28.101],[86.609,28.078],[86.635,28.073],[86.688,28.109],[86.738,28.105],[86.765,28.078],[86.754,28.066],[86.756,28.039],[86.777,28.038],[86.791,28.021],[86.869,28.027],[86.892,28],[86.927,27.99],[86.937,27.964],[86.989,27.953],[86.972,27.905],[86.994,27.864],[86.985,27.828],[87.012,27.813],[86.992,27.794],[86.983,27.753],[87.014,27.728],[86.992,27.691],[86.988,27.652],[86.956,27.607],[86.955,27.574],[86.971,27.549],[86.946,27.512],[86.965,27.482],[86.933,27.444],[86.877,27.431],[86.822,27.44],[86.753,27.398],[86.684,27.395],[86.683,27.37],[86.657,27.343],[86.582,27.345],[86.535,27.399],[86.46,27.453],[86.441,27.491],[86.425,27.487],[86.403,27.518],[86.359,27.527],[86.378,27.568],[86.438,27.608],[86.46,27.671],[86.495,27.694],[86.539,27.694],[86.575,27.758],[86.57,27.805],[86.544,27.814],[86.562,27.916],[86.518,27.957]]]},"properties":{"type":"cover","year":2025,"areaHa":136800,"district":"Solukhumbu"}},{"type":"Feature","geometry":{"type":"Polygon","coordinates":[[[86.359,27.527],[86.403,27.518],[86.425,27.487],[86.441,27.491],[86.46,27.453],[86.535,27.399],[86.576,27.346],[86.65,27.341],[86.682,27.369],[86.687,27.314],[86.671,27.298],[86.674,27.274],[86.638,27.259],[86.623,27.239],[86.561,27.227],[86.52,27.192],[86.43,27.148],[86.42,27.168],[86.345,27.206],[86.341,27.231],[86.267,27.261],[86.227,27.238],[86.205,27.252],[86.243,27.291],[86.219,27.336],[86.24,27.416],[86.268,27.457],[86.359,27.527]]]},"properties":{"type":"cover","year":2025,"areaHa":79200,"district":"Okhaldhunga"}},{"type":"Feature","geometry":{"type":"Polygon","coordinates":[[[86.911,27.433],[86.917,27.399],[86.934,27.387],[86.935,27.357],[86.988,27.308],[86.953,27.266],[86.92,27.268],[86.903,27.255],[86.931,27.202],[86.919,27.177],[86.928,27.157],[86.902,27.11],[86.966,27.064],[86.971,27.046],[86.953,27.025],[86.971,27.008],[86.961,26.981],[86.975,26.965],[86.953,26.904],[86.812,26.873],[86.779,26.887],[86.746,27.025],[86.699,27.098],[86.67,27.122],[86.589,27.154],[86.542,27.138],[86.514,27.113],[86.47,27.105],[86.429,27.139],[86.445,27.161],[86.52,27.192],[86.561,27.227],[86.623,27.239],[86.638,27.259],[86.674,27.274],[86.671,27.298],[86.687,27.314],[86.684,27.395],[86.753,27.398],[86.826,27.441],[86.911,27.433]]]},"properties":{"type":"cover","year":2025,"areaHa":104200,"district":"Khotang"}},{"type":"Feature","geometry":{"type":"Polygon","coordinates":[[[86.946,27.46],[87.013,27.436],[87.045,27.449],[87.063,27.441],[87.106,27.464],[87.137,27.453],[87.13,27.402],[87.193,27.356],[87.186,27.318],[87.209,27.282],[87.207,27.246],[87.275,27.172],[87.274,27.143],[87.184,27.068],[87.2,26.999],[87.164,26.962],[87.154,26.919],[87.132,26.923],[87.01,26.888],[86.953,26.904],[86.975,26.965],[86.961,26.981],[86.971,27.008],[86.953,27.03],[86.971,27.048],[86.954,27.081],[86.902,27.11],[86.928,27.157],[86.919,27.177],[86.931,27.202],[86.903,27.255],[86.92,27.268],[86.953,27.266],[86.988,27.306],[86.954,27.336],[86.951,27.353],[86.935,27.357],[86.934,27.387],[86.914,27.409],[86.91,27.432],[86.946,27.46]]]},"properties":{"type":"cover","year":2025,"areaHa":93600,"district":"Bhojpur"}},{"type":"Feature","geometry":{"type":"Polygon","coordinates":[[[87.407,27.138],[87.4,27.082],[87.445,27.003],[87.44,26.969],[87.496,26.981],[87.528,26.954],[87.531,26.891],[87.562,26.887],[87.591,26.86],[87.504,26.855],[87.488,26.868],[87.454,26.865],[87.435,26.886],[87.373,26.845],[87.326,26.854],[87.311,26.871],[87.26,26.866],[87.24,26.88],[87.212,26.865],[87.168,26.877],[87.15,26.933],[87.2,26.999],[87.182,27.063],[87.274,27.143],[87.269,27.178],[87.288,27.19],[87.317,27.182],[87.361,27.192],[87.407,27.138]]]},"properties":{"type":"cover","year":2025,"areaHa":88400,"district":"Dhankuta"}},{"type":"Feature","geometry":{"type":"Polygon","coordinates":[[[87.519,27.297],[87.68,27.27],[87.747,27.22],[87.751,27.205],[87.72,27.187],[87.702,27.147],[87.596,27.102],[87.543,27.049],[87.543,27.019],[87.507,26.984],[87.44,26.969],[87.445,27.003],[87.4,27.082],[87.405,27.154],[87.467,27.198],[87.48,27.251],[87.519,27.297]]]},"properties":{"type":"cover","year":2025,"areaHa":74200,"district":"Terhathum"}},{"type":"Feature","geometry":{"type":"Polygon","coordinates":[[[88.073,27.435],[88.051,27.405],[88.046,27.373],[88.067,27.334],[88.036,27.284],[88.016,27.216],[88.02,27.17],[87.993,27.128],[87.995,27.106],[87.921,27.099],[87.783,27.016],[87.739,27.015],[87.689,26.97],[87.684,26.947],[87.698,26.908],[87.688,26.882],[87.665,26.869],[87.589,26.86],[87.562,26.887],[87.532,26.89],[87.528,26.954],[87.495,26.981],[87.543,27.019],[87.54,27.045],[87.596,27.102],[87.702,27.147],[87.72,27.187],[87.751,27.205],[87.683,27.278],[87.698,27.291],[87.781,27.273],[87.844,27.286],[87.948,27.281],[88.004,27.325],[88.042,27.413],[88.073,27.435]]]},"properties":{"type":"cover","year":2025,"areaHa":102400,"district":"Panchthar"}},{"type":"Feature","geometry":{"type":"Polygon","coordinates":[[[87.995,27.106],[88.023,27.088],[88.039,27.038],[88.08,27.035],[88.116,26.987],[88.135,26.984],[88.122,26.951],[88.146,26.923],[88.14,26.896],[88.178,26.864],[88.171,26.846],[88.185,26.783],[88.168,26.784],[88.155,26.805],[88.151,26.776],[88.141,26.766],[88.134,26.774],[88.117,26.733],[88.093,26.764],[88.099,26.802],[88.082,26.786],[88.066,26.789],[88.051,26.75],[88.028,26.766],[88.021,26.748],[87.99,26.738],[87.984,26.719],[87.946,26.72],[87.926,26.696],[87.928,26.664],[87.882,26.682],[87.844,26.658],[87.817,26.67],[87.811,26.689],[87.783,26.684],[87.762,26.706],[87.69,26.734],[87.68,26.783],[87.658,26.798],[87.662,26.814],[87.598,26.862],[87.641,26.862],[87.688,26.882],[87.698,26.908],[87.684,26.947],[87.689,26.97],[87.742,27.017],[87.783,27.016],[87.921,27.099],[87.995,27.106]]]},"properties":{"type":"cover","year":2025,"areaHa":119800,"district":"Ilam"}},{"type":"Feature","geometry":{"type":"Polygon","coordinates":[[[87.666,27.808],[87.734,27.812],[87.78,27.865],[87.786,27.898],[87.827,27.921],[87.835,27.95],[87.858,27.947],[87.865,27.912],[87.932,27.917],[87.979,27.888],[88.033,27.905],[88.064,27.887],[88.087,27.892],[88.1,27.866],[88.141,27.881],[88.205,27.839],[88.177,27.82],[88.197,27.788],[88.181,27.746],[88.159,27.735],[88.147,27.667],[88.124,27.643],[88.112,27.605],[88.08,27.58],[88.061,27.512],[88.046,27.498],[88.073,27.435],[88.042,27.413],[88.004,27.325],[87.958,27.286],[87.871,27.278],[87.844,27.286],[87.781,27.273],[87.698,27.291],[87.681,27.269],[87.661,27.268],[87.555,27.285],[87.502,27.31],[87.46,27.371],[87.448,27.405],[87.487,27.566],[87.512,27.596],[87.531,27.594],[87.562,27.696],[87.609,27.673],[87.622,27.706],[87.643,27.711],[87.655,27.759],[87.67,27.77],[87.666,27.808]]]},"properties":{"type":"loss","year":2025,"areaHa":384,"district":"Taplejung"}},{"type":"Feature","geometry":{"type":"Polygon","coordinates":[[[87.666,27.808],[87.67,27.77],[87.655,27.759],[87.643,27.711],[87.622,27.706],[87.609,27.673],[87.562,27.696],[87.531,27.594],[87.512,27.596],[87.487,27.566],[87.448,27.399],[87.519,27.297],[87.48,27.251],[87.467,27.198],[87.41,27.163],[87.407,27.138],[87.361,27.192],[87.264,27.179],[87.212,27.238],[87.2,27.263],[87.211,27.268],[87.203,27.302],[87.186,27.318],[87.194,27.354],[87.13,27.402],[87.137,27.453],[87.106,27.464],[87.063,27.441],[87.045,27.449],[87.013,27.436],[86.946,27.46],[86.965,27.482],[86.947,27.517],[86.971,27.549],[86.955,27.574],[86.956,27.607],[86.988,27.652],[86.992,27.691],[87.014,27.728],[86.983,27.753],[86.992,27.794],[87.012,27.813],[86.985,27.828],[86.994,27.864],[86.972,27.905],[86.99,27.954],[87.04,27.949],[87.108,27.874],[87.113,27.845],[87.167,27.825],[87.227,27.821],[87.262,27.852],[87.319,27.827],[87.361,27.829],[87.373,27.846],[87.422,27.86],[87.431,27.845],[87.406,27.834],[87.453,27.824],[87.487,27.846],[87.541,27.846],[87.565,27.868],[87.586,27.856],[87.592,27.821],[87.613,27.813],[87.637,27.835],[87.667,27.838],[87.666,27.808]]]},"properties":{"type":"loss","year":2025,"areaHa":312,"district":"Sankhuwasabha"}},{"type":"Feature","geometry":{"type":"Polygon","coordinates":[[[86.518,27.957],[86.516,28.001],[86.535,28.05],[86.565,28.068],[86.564,28.106],[86.58,28.113],[86.607,28.101],[86.609,28.078],[86.635,28.073],[86.688,28.109],[86.738,28.105],[86.765,28.078],[86.754,28.066],[86.756,28.039],[86.777,28.038],[86.791,28.021],[86.869,28.027],[86.892,28],[86.927,27.99],[86.937,27.964],[86.989,27.953],[86.972,27.905],[86.994,27.864],[86.985,27.828],[87.012,27.813],[86.992,27.794],[86.983,27.753],[87.014,27.728],[86.992,27.691],[86.988,27.652],[86.956,27.607],[86.955,27.574],[86.971,27.549],[86.946,27.512],[86.965,27.482],[86.933,27.444],[86.877,27.431],[86.822,27.44],[86.753,27.398],[86.684,27.395],[86.683,27.37],[86.657,27.343],[86.582,27.345],[86.535,27.399],[86.46,27.453],[86.441,27.491],[86.425,27.487],[86.403,27.518],[86.359,27.527],[86.378,27.568],[86.438,27.608],[86.46,27.671],[86.495,27.694],[86.539,27.694],[86.575,27.758],[86.57,27.805],[86.544,27.814],[86.562,27.916],[86.518,27.957]]]},"properties":{"type":"loss","year":2025,"areaHa":240,"district":"Solukhumbu"}},{"type":"Feature","geometry":{"type":"Polygon","coordinates":[[[86.359,27.527],[86.403,27.518],[86.425,27.487],[86.441,27.491],[86.46,27.453],[86.535,27.399],[86.576,27.346],[86.65,27.341],[86.682,27.369],[86.687,27.314],[86.671,27.298],[86.674,27.274],[86.638,27.259],[86.623,27.239],[86.561,27.227],[86.52,27.192],[86.43,27.148],[86.42,27.168],[86.345,27.206],[86.341,27.231],[86.267,27.261],[86.227,27.238],[86.205,27.252],[86.243,27.291],[86.219,27.336],[86.24,27.416],[86.268,27.457],[86.359,27.527]]]},"properties":{"type":"loss","year":2025,"areaHa":264,"district":"Okhaldhunga"}},{"type":"Feature","geometry":{"type":"Polygon","coordinates":[[[86.911,27.433],[86.917,27.399],[86.934,27.387],[86.935,27.357],[86.988,27.308],[86.953,27.266],[86.92,27.268],[86.903,27.255],[86.931,27.202],[86.919,27.177],[86.928,27.157],[86.902,27.11],[86.966,27.064],[86.971,27.046],[86.953,27.025],[86.971,27.008],[86.961,26.981],[86.975,26.965],[86.953,26.904],[86.812,26.873],[86.779,26.887],[86.746,27.025],[86.699,27.098],[86.67,27.122],[86.589,27.154],[86.542,27.138],[86.514,27.113],[86.47,27.105],[86.429,27.139],[86.445,27.161],[86.52,27.192],[86.561,27.227],[86.623,27.239],[86.638,27.259],[86.674,27.274],[86.671,27.298],[86.687,27.314],[86.684,27.395],[86.753,27.398],[86.826,27.441],[86.911,27.433]]]},"properties":{"type":"loss","year":2025,"areaHa":324,"district":"Khotang"}},{"type":"Feature","geometry":{"type":"Polygon","coordinates":[[[86.946,27.46],[87.013,27.436],[87.045,27.449],[87.063,27.441],[87.106,27.464],[87.137,27.453],[87.13,27.402],[87.193,27.356],[87.186,27.318],[87.209,27.282],[87.207,27.246],[87.275,27.172],[87.274,27.143],[87.184,27.068],[87.2,26.999],[87.164,26.962],[87.154,26.919],[87.132,26.923],[87.01,26.888],[86.953,26.904],[86.975,26.965],[86.961,26.981],[86.971,27.008],[86.953,27.03],[86.971,27.048],[86.954,27.081],[86.902,27.11],[86.928,27.157],[86.919,27.177],[86.931,27.202],[86.903,27.255],[86.92,27.268],[86.953,27.266],[86.988,27.306],[86.954,27.336],[86.951,27.353],[86.935,27.357],[86.934,27.387],[86.914,27.409],[86.91,27.432],[86.946,27.46]]]},"properties":{"type":"loss","year":2025,"areaHa":276,"district":"Bhojpur"}},{"type":"Feature","geometry":{"type":"Polygon","coordinates":[[[87.407,27.138],[87.4,27.082],[87.445,27.003],[87.44,26.969],[87.496,26.981],[87.528,26.954],[87.531,26.891],[87.562,26.887],[87.591,26.86],[87.504,26.855],[87.488,26.868],[87.454,26.865],[87.435,26.886],[87.373,26.845],[87.326,26.854],[87.311,26.871],[87.26,26.866],[87.24,26.88],[87.212,26.865],[87.168,26.877],[87.15,26.933],[87.2,26.999],[87.182,27.063],[87.274,27.143],[87.269,27.178],[87.288,27.19],[87.317,27.182],[87.361,27.192],[87.407,27.138]]]},"properties":{"type":"loss","year":2025,"areaHa":252,"district":"Dhankuta"}},{"type":"Feature","geometry":{"type":"Polygon","coordinates":[[[87.519,27.297],[87.68,27.27],[87.747,27.22],[87.751,27.205],[87.72,27.187],[87.702,27.147],[87.596,27.102],[87.543,27.049],[87.543,27.019],[87.507,26.984],[87.44,26.969],[87.445,27.003],[87.4,27.082],[87.405,27.154],[87.467,27.198],[87.48,27.251],[87.519,27.297]]]},"properties":{"type":"loss","year":2025,"areaHa":216,"district":"Terhathum"}},{"type":"Feature","geometry":{"type":"Polygon","coordinates":[[[88.073,27.435],[88.051,27.405],[88.046,27.373],[88.067,27.334],[88.036,27.284],[88.016,27.216],[88.02,27.17],[87.993,27.128],[87.995,27.106],[87.921,27.099],[87.783,27.016],[87.739,27.015],[87.689,26.97],[87.684,26.947],[87.698,26.908],[87.688,26.882],[87.665,26.869],[87.589,26.86],[87.562,26.887],[87.532,26.89],[87.528,26.954],[87.495,26.981],[87.543,27.019],[87.54,27.045],[87.596,27.102],[87.702,27.147],[87.72,27.187],[87.751,27.205],[87.683,27.278],[87.698,27.291],[87.781,27.273],[87.844,27.286],[87.948,27.281],[88.004,27.325],[88.042,27.413],[88.073,27.435]]]},"properties":{"type":"loss","year":2025,"areaHa":348,"district":"Panchthar"}},{"type":"Feature","geometry":{"type":"Polygon","coordinates":[[[87.995,27.106],[88.023,27.088],[88.039,27.038],[88.08,27.035],[88.116,26.987],[88.135,26.984],[88.122,26.951],[88.146,26.923],[88.14,26.896],[88.178,26.864],[88.171,26.846],[88.185,26.783],[88.168,26.784],[88.155,26.805],[88.151,26.776],[88.141,26.766],[88.134,26.774],[88.117,26.733],[88.093,26.764],[88.099,26.802],[88.082,26.786],[88.066,26.789],[88.051,26.75],[88.028,26.766],[88.021,26.748],[87.99,26.738],[87.984,26.719],[87.946,26.72],[87.926,26.696],[87.928,26.664],[87.882,26.682],[87.844,26.658],[87.817,26.67],[87.811,26.689],[87.783,26.684],[87.762,26.706],[87.69,26.734],[87.68,26.783],[87.658,26.798],[87.662,26.814],[87.598,26.862],[87.641,26.862],[87.688,26.882],[87.698,26.908],[87.684,26.947],[87.689,26.97],[87.742,27.017],[87.783,27.016],[87.921,27.099],[87.995,27.106]]]},"properties":{"type":"loss","year":2025,"areaHa":408,"district":"Ilam"}},{"type":"Feature","geometry":{"type":"Polygon","coordinates":[[[87.666,27.808],[87.734,27.812],[87.78,27.865],[87.786,27.898],[87.827,27.921],[87.835,27.95],[87.858,27.947],[87.865,27.912],[87.932,27.917],[87.979,27.888],[88.033,27.905],[88.064,27.887],[88.087,27.892],[88.1,27.866],[88.141,27.881],[88.205,27.839],[88.177,27.82],[88.197,27.788],[88.181,27.746],[88.159,27.735],[88.147,27.667],[88.124,27.643],[88.112,27.605],[88.08,27.58],[88.061,27.512],[88.046,27.498],[88.073,27.435],[88.042,27.413],[88.004,27.325],[87.958,27.286],[87.871,27.278],[87.844,27.286],[87.781,27.273],[87.698,27.291],[87.681,27.269],[87.661,27.268],[87.555,27.285],[87.502,27.31],[87.46,27.371],[87.448,27.405],[87.487,27.566],[87.512,27.596],[87.531,27.594],[87.562,27.696],[87.609,27.673],[87.622,27.706],[87.643,27.711],[87.655,27.759],[87.67,27.77],[87.666,27.808]]]},"properties":{"type":"gain","year":2025,"areaHa":105,"district":"Taplejung"}},{"type":"Feature","geometry":{"type":"Polygon","coordinates":[[[87.666,27.808],[87.67,27.77],[87.655,27.759],[87.643,27.711],[87.622,27.706],[87.609,27.673],[87.562,27.696],[87.531,27.594],[87.512,27.596],[87.487,27.566],[87.448,27.399],[87.519,27.297],[87.48,27.251],[87.467,27.198],[87.41,27.163],[87.407,27.138],[87.361,27.192],[87.264,27.179],[87.212,27.238],[87.2,27.263],[87.211,27.268],[87.203,27.302],[87.186,27.318],[87.194,27.354],[87.13,27.402],[87.137,27.453],[87.106,27.464],[87.063,27.441],[87.045,27.449],[87.013,27.436],[86.946,27.46],[86.965,27.482],[86.947,27.517],[86.971,27.549],[86.955,27.574],[86.956,27.607],[86.988,27.652],[86.992,27.691],[87.014,27.728],[86.983,27.753],[86.992,27.794],[87.012,27.813],[86.985,27.828],[86.994,27.864],[86.972,27.905],[86.99,27.954],[87.04,27.949],[87.108,27.874],[87.113,27.845],[87.167,27.825],[87.227,27.821],[87.262,27.852],[87.319,27.827],[87.361,27.829],[87.373,27.846],[87.422,27.86],[87.431,27.845],[87.406,27.834],[87.453,27.824],[87.487,27.846],[87.541,27.846],[87.565,27.868],[87.586,27.856],[87.592,27.821],[87.613,27.813],[87.637,27.835],[87.667,27.838],[87.666,27.808]]]},"properties":{"type":"gain","year":2025,"areaHa":121,"district":"Sankhuwasabha"}},{"type":"Feature","geometry":{"type":"Polygon","coordinates":[[[86.518,27.957],[86.516,28.001],[86.535,28.05],[86.565,28.068],[86.564,28.106],[86.58,28.113],[86.607,28.101],[86.609,28.078],[86.635,28.073],[86.688,28.109],[86.738,28.105],[86.765,28.078],[86.754,28.066],[86.756,28.039],[86.777,28.038],[86.791,28.021],[86.869,28.027],[86.892,28],[86.927,27.99],[86.937,27.964],[86.989,27.953],[86.972,27.905],[86.994,27.864],[86.985,27.828],[87.012,27.813],[86.992,27.794],[86.983,27.753],[87.014,27.728],[86.992,27.691],[86.988,27.652],[86.956,27.607],[86.955,27.574],[86.971,27.549],[86.946,27.512],[86.965,27.482],[86.933,27.444],[86.877,27.431],[86.822,27.44],[86.753,27.398],[86.684,27.395],[86.683,27.37],[86.657,27.343],[86.582,27.345],[86.535,27.399],[86.46,27.453],[86.441,27.491],[86.425,27.487],[86.403,27.518],[86.359,27.527],[86.378,27.568],[86.438,27.608],[86.46,27.671],[86.495,27.694],[86.539,27.694],[86.575,27.758],[86.57,27.805],[86.544,27.814],[86.562,27.916],[86.518,27.957]]]},"properties":{"type":"gain","year":2025,"areaHa":99,"district":"Solukhumbu"}},{"type":"Feature","geometry":{"type":"Polygon","coordinates":[[[86.359,27.527],[86.403,27.518],[86.425,27.487],[86.441,27.491],[86.46,27.453],[86.535,27.399],[86.576,27.346],[86.65,27.341],[86.682,27.369],[86.687,27.314],[86.671,27.298],[86.674,27.274],[86.638,27.259],[86.623,27.239],[86.561,27.227],[86.52,27.192],[86.43,27.148],[86.42,27.168],[86.345,27.206],[86.341,27.231],[86.267,27.261],[86.227,27.238],[86.205,27.252],[86.243,27.291],[86.219,27.336],[86.24,27.416],[86.268,27.457],[86.359,27.527]]]},"properties":{"type":"gain","year":2025,"areaHa":72,"district":"Okhaldhunga"}},{"type":"Feature","geometry":{"type":"Polygon","coordinates":[[[86.911,27.433],[86.917,27.399],[86.934,27.387],[86.935,27.357],[86.988,27.308],[86.953,27.266],[86.92,27.268],[86.903,27.255],[86.931,27.202],[86.919,27.177],[86.928,27.157],[86.902,27.11],[86.966,27.064],[86.971,27.046],[86.953,27.025],[86.971,27.008],[86.961,26.981],[86.975,26.965],[86.953,26.904],[86.812,26.873],[86.779,26.887],[86.746,27.025],[86.699,27.098],[86.67,27.122],[86.589,27.154],[86.542,27.138],[86.514,27.113],[86.47,27.105],[86.429,27.139],[86.445,27.161],[86.52,27.192],[86.561,27.227],[86.623,27.239],[86.638,27.259],[86.674,27.274],[86.671,27.298],[86.687,27.314],[86.684,27.395],[86.753,27.398],[86.826,27.441],[86.911,27.433]]]},"properties":{"type":"gain","year":2025,"areaHa":94,"district":"Khotang"}},{"type":"Feature","geometry":{"type":"Polygon","coordinates":[[[86.946,27.46],[87.013,27.436],[87.045,27.449],[87.063,27.441],[87.106,27.464],[87.137,27.453],[87.13,27.402],[87.193,27.356],[87.186,27.318],[87.209,27.282],[87.207,27.246],[87.275,27.172],[87.274,27.143],[87.184,27.068],[87.2,26.999],[87.164,26.962],[87.154,26.919],[87.132,26.923],[87.01,26.888],[86.953,26.904],[86.975,26.965],[86.961,26.981],[86.971,27.008],[86.953,27.03],[86.971,27.048],[86.954,27.081],[86.902,27.11],[86.928,27.157],[86.919,27.177],[86.931,27.202],[86.903,27.255],[86.92,27.268],[86.953,27.266],[86.988,27.306],[86.954,27.336],[86.951,27.353],[86.935,27.357],[86.934,27.387],[86.914,27.409],[86.91,27.432],[86.946,27.46]]]},"properties":{"type":"gain","year":2025,"areaHa":83,"district":"Bhojpur"}},{"type":"Feature","geometry":{"type":"Polygon","coordinates":[[[87.407,27.138],[87.4,27.082],[87.445,27.003],[87.44,26.969],[87.496,26.981],[87.528,26.954],[87.531,26.891],[87.562,26.887],[87.591,26.86],[87.504,26.855],[87.488,26.868],[87.454,26.865],[87.435,26.886],[87.373,26.845],[87.326,26.854],[87.311,26.871],[87.26,26.866],[87.24,26.88],[87.212,26.865],[87.168,26.877],[87.15,26.933],[87.2,26.999],[87.182,27.063],[87.274,27.143],[87.269,27.178],[87.288,27.19],[87.317,27.182],[87.361,27.192],[87.407,27.138]]]},"properties":{"type":"gain","year":2025,"areaHa":77,"district":"Dhankuta"}},{"type":"Feature","geometry":{"type":"Polygon","coordinates":[[[87.519,27.297],[87.68,27.27],[87.747,27.22],[87.751,27.205],[87.72,27.187],[87.702,27.147],[87.596,27.102],[87.543,27.049],[87.543,27.019],[87.507,26.984],[87.44,26.969],[87.445,27.003],[87.4,27.082],[87.405,27.154],[87.467,27.198],[87.48,27.251],[87.519,27.297]]]},"properties":{"type":"gain","year":2025,"areaHa":66,"district":"Terhathum"}},{"type":"Feature","geometry":{"type":"Polygon","coordinates":[[[88.073,27.435],[88.051,27.405],[88.046,27.373],[88.067,27.334],[88.036,27.284],[88.016,27.216],[88.02,27.17],[87.993,27.128],[87.995,27.106],[87.921,27.099],[87.783,27.016],[87.739,27.015],[87.689,26.97],[87.684,26.947],[87.698,26.908],[87.688,26.882],[87.665,26.869],[87.589,26.86],[87.562,26.887],[87.532,26.89],[87.528,26.954],[87.495,26.981],[87.543,27.019],[87.54,27.045],[87.596,27.102],[87.702,27.147],[87.72,27.187],[87.751,27.205],[87.683,27.278],[87.698,27.291],[87.781,27.273],[87.844,27.286],[87.948,27.281],[88.004,27.325],[88.042,27.413],[88.073,27.435]]]},"properties":{"type":"gain","year":2025,"areaHa":88,"district":"Panchthar"}},{"type":"Feature","geometry":{"type":"Polygon","coordinates":[[[87.995,27.106],[88.023,27.088],[88.039,27.038],[88.08,27.035],[88.116,26.987],[88.135,26.984],[88.122,26.951],[88.146,26.923],[88.14,26.896],[88.178,26.864],[88.171,26.846],[88.185,26.783],[88.168,26.784],[88.155,26.805],[88.151,26.776],[88.141,26.766],[88.134,26.774],[88.117,26.733],[88.093,26.764],[88.099,26.802],[88.082,26.786],[88.066,26.789],[88.051,26.75],[88.028,26.766],[88.021,26.748],[87.99,26.738],[87.984,26.719],[87.946,26.72],[87.926,26.696],[87.928,26.664],[87.882,26.682],[87.844,26.658],[87.817,26.67],[87.811,26.689],[87.783,26.684],[87.762,26.706],[87.69,26.734],[87.68,26.783],[87.658,26.798],[87.662,26.814],[87.598,26.862],[87.641,26.862],[87.688,26.882],[87.698,26.908],[87.684,26.947],[87.689,26.97],[87.742,27.017],[87.783,27.016],[87.921,27.099],[87.995,27.106]]]},"properties":{"type":"gain","year":2025,"areaHa":132,"district":"Ilam"}}]}